PK_TEMPO;data;dia;mes;ano;trimestre
6516c0fd95b9f31db71c499ac1ed56c90aeda7e5236427a81a6f1d735ce5f39c;2017-08-12;12;8;2017;3
f316ef9e9e3919861f6ddade21a7c7bf344c8ec7bc378fa1c774800a1177f827;2018-08-21;21;8;2018;3
9c3169e820150ceb26ec986d38e14eeca30f398cef1d232e7543f78466e2e398;2018-06-24;24;6;2018;2
464d4c3856f93c68207b7b6e72511c837eb5178781e6cddc4259e0f58669770a;2018-12-11;11;12;2018;4
43d4ce3d4c2c2126d77035e5b2ce749f0f77098cf020ef88dcd3bc3ab12e9819;2018-03-27;27;3;2018;1
75158a2021ff5d51f274ae49cb98561030db07036f401200736102d9489f1e65;2017-02-16;16;2;2017;1
1d55ad9a7f17ac8e5123c1d91e91d3386fea3513b92e6858173e508233a65a42;2018-04-24;24;4;2018;2
9cecff034a9c96be781a76d8b99d7724024183daba40a60dff77d23bbefdfcf9;2017-06-11;11;6;2017;2
ae027e889e5aaa78a79d255425a39e5f499ee1fdfd3b0776fe4b03a19d6c198b;2018-09-15;15;9;2018;3
43bc103f1e6b0ffe1f64674ae7a4a57ca22c105a0cc102ca72a36581b0ab8dfc;2017-04-19;19;4;2017;2
521bc89c37920d3c0529bf20e5cc229892486719013089d169a9be6bc42a88bd;2017-12-03;3;12;2017;4
d4c4434a41d2729fba44424c564c9c7a2d813fb63e4213071722445ee6b42a92;2018-02-15;15;2;2018;1
a3544219d38685d9e935895f77b53d3dd9578810c988202046983f8253162334;2017-04-30;30;4;2017;2
10291e62cb3563726de5794db1b69913619c872b820ee6d048ece3b89b8182c9;2017-03-16;16;3;2017;1
cfef22fa89d475ced6164f6d3939eb4886e18c86ad5a58f4cff568b40d868d6e;2018-10-07;7;10;2018;4
eadedf9cdd03e888a5a278f1a2f747ba77e9722d276d4a6966720da545abe537;2019-01-01;1;1;2019;1
396227505a04208346a2066537d3b03698ea35aa979b80157dac539b701c7e17;2017-04-26;26;4;2017;2
d27b55aff9e642d03b7c943447f94a2d38caebfade647417f8b814ed65d47407;2018-08-20;20;8;2018;3
d08e8a114c4787410400f92d8dea813d8d3c6d5c87a5191fb1c0af4407edc843;2017-04-08;8;4;2017;2
d8ebd582ecb23286086b94e6e19f4e5d5b4ba13c5cf9194980596770f5a8167f;2017-04-09;9;4;2017;2
105ce8f5ded0debc35e6cfa830d55dbd8e2fb0c1d5a5fe7c32f1cbe874b90e86;2018-05-29;29;5;2018;2
6b2aa3fbe2f9135224eb410e10a6d4307acfac2b5924fc3b90824f70e75d459a;2017-11-24;24;11;2017;4
9016d2c44f8260760bbb9a686e3d9366eeb8494757dd3a176bd8cfca04a43030;2019-03-12;12;3;2019;1
88b3c8fdea5d334f1cf1eac7a2568527a4a27400da1dbc1eb93383c4ab9bc907;2019-03-18;18;3;2019;1
989573a0ca7bce3c86a7429fc489fb8fa0ddd1ce23019ca3166beff903d47472;2018-12-24;24;12;2018;4
b9c3cacff94daf7e4aa8a25078e72da77314af65ba05a7320e2f1f2d9750741f;2017-03-02;2;3;2017;1
dbdc514990edf34dba5ee4f3fdf2cc87a4a5497c73bcf0e3502ae58f60107d58;2017-06-14;14;6;2017;2
676e344a359fbb37a4f2620887bb9f86ce5b0fe5e6233d38772966224a3089e3;2017-08-05;5;8;2017;3
c4815c965d755542bd244c02546784f39cac5a8d674904c7aa22d9d432a65fca;2019-02-26;26;2;2019;1
ecfcb739b2c7fd65a38b2657bcb445a2ad14ddbb6433fa5a0b0a2d0d445837c7;2018-06-18;18;6;2018;2
f54fd13dd996fc73d1291875a2f930a93c8fda430468616ceefe9f03ec9c9744;2018-05-14;14;5;2018;2
3cdaa918ab8a8273d86e8a73c060c20015547da59ec2ac8d99f3ea9636383622;2018-10-30;30;10;2018;4
2a66cf5c91903764e1ed5bc5dad286801b74c315c93032a95b895ba80a3da568;2017-11-26;26;11;2017;4
51e80ab761307a7dfc7f9a9e249b7010d0c3b2c94fd637ee69f80a8fc229905a;2019-01-20;20;1;2019;1
9a64e3dbbec7e8b99a66504276d2d21ce59abcdb105680ab75ee74b2ab0b81cb;2017-01-12;12;1;2017;1
62b504fafe8d8fee55f51bb020003911efa6be6e3b149b5cda919d5f90f905b3;2017-08-26;26;8;2017;3
9d8b163ae8d135794838d30b9df66081c1f66860a7e7409a81f1d8b7ef31e3f5;2017-10-04;4;10;2017;4
1f4ab7f317bbee70695554839ba70361ed0e3d5ac9c43afee9554645ff4e1324;2018-11-25;25;11;2018;4
dc0d224c0aa88f72b3281840e06ad3b3b9e0da7524b84caef95e851a69e163ad;2018-10-17;17;10;2018;4
9bcd10e6a2f9b244595aea81df8b2cbffcbaf07fb622ed4d87153de72017855a;2018-08-12;12;8;2018;3
b3baf7dc60866af8028be335bdb2e3000047e4026f9fc47271d2248a87d017b3;2018-02-21;21;2;2018;1
e5d0f0075acaeba32d55f1a478bc13b6fcc9f4adda20577ffdf6d6b4d6252870;2017-03-03;3;3;2017;1
6b05e6824242835b693efa07de0fdcd08c6eabd6c7f4c74391608596037f97d3;2018-03-18;18;3;2018;1
13be54d55545bb0a78bfc8de1516a28226af8a4afb71b6bbedcbbf1913299f17;2019-01-06;6;1;2019;1
17443d3d889554a7618a80c2b3c30b001dc3227461811f839c1a34370c8be044;2018-09-29;29;9;2018;3
03ad9c83ac33f2990be348798e20b05ca4db2167718c52abfce011c741b1ac03;2018-03-17;17;3;2018;1
97b9c89042cc8d2248b9d669691cf353e06ad1f44f56d56ffd89a977b1b0e1dd;2018-03-24;24;3;2018;1
7ddf4f0a3db7d5a0840df7c701c3cf207be2e1f5526e14f7321b10299f79efe8;2018-04-02;2;4;2018;2
316bd890f8cd761a8eeef11483ab83f17cf73c7d8c2a240f1058349568e71479;2017-10-21;21;10;2017;4
b3807e679123d9dae649b30d43989ae97dcbb58111d30ae3589411d7aa7bb34a;2018-06-10;10;6;2018;2
d49c984b5afbf16899ff6dcf2f4be48f07c36cdff23c7ed606cb44e379af2fe8;2018-01-09;9;1;2018;1
bb084ada274f9086891efa2d81e942e61952be7cb522fb0b77424bc985fa0589;2018-09-04;4;9;2018;3
ac02640623949901b6467edcbbf84d96f0eaa8b13985f8554aaf20b2ee9a599a;2018-09-26;26;9;2018;3
ed9eda6555c22d6e97e63037d034b39b841de57c03e4f88b4ea58275f19a736f;2017-02-26;26;2;2017;1
f9507977951071bcea4fe414f3a36a29b831f69a8a6625cf5a3bcb8ceb4ab721;2018-11-19;19;11;2018;4
f8eeefbc6c2ea65986b4ae8666b3718a900bdc464a93f375eccfd04e11bace12;2019-03-05;5;3;2019;1
3ddce91f66df72ac0a6792d457281a268f95659147d899d7a5ff024f88f0d49a;2018-03-10;10;3;2018;1
9f6c4e08e8194d160e0827c4405dbaa098114daae13aace030319ead4eb33936;2019-03-19;19;3;2019;1
2d533305b8829de9c91d3aa326e52abf7e1674eb3073da5faa154b4aa1a75a49;2018-05-01;1;5;2018;2
2734e02825e74656e3c3bacda6a58000b7b9337b4dd0445917eebe6237406785;2017-08-17;17;8;2017;3
2e64eecc0410faa6979b89431b07018365d5a3c0605a13e07ed4132cc0849017;2017-07-27;27;7;2017;3
0cf68c32970def906e4a5530b1c38436e76a738629ba390b35e80dbc53f1c236;2018-10-20;20;10;2018;4
46d9cb350064e79245aca8f0720fa579b10ea35f5d5249507658cce064fbf8b1;2017-07-23;23;7;2017;3
9bc892eaa48b3b1cc93774b66a592b43f71548393bf2853c8147106d2ad618de;2017-10-27;27;10;2017;4
0647209c341422da677f2a0ffb093b55f8bcdb1e72d8960c9497dfc6de15f291;2017-11-11;11;11;2017;4
fecc7c60926d1b3b2578ab7d52d98d22e182b8a608e7fa2f4eb9ad6f046f2a74;2018-03-13;13;3;2018;1
be22694956d65072e332af2de8f00b62b2e758b6b6846e99c8dd24f817b1f82d;2018-08-15;15;8;2018;3
197492bc6fd689bcf21f69a451b3b17b68da3fca42acf514edf138be1bb10ab6;2018-01-02;2;1;2018;1
7a59c9c491f30890b740dc789b237bcc8f26f5891d0b89568a35629b0f0a7c46;2017-12-20;20;12;2017;4
61f811b8fe1ccbfdf29dc181433ffd330cae8c5607a2feaea9fe23456158fec0;2018-08-27;27;8;2018;3
90a9f905f7bd426b7da737dbd52dcc6a54e60ee51b981934f913ff090ea738c6;2018-05-23;23;5;2018;2
02c0fa2be21d67419c737faff1070c0d814f89b3f8670e5f171292c6baa65e10;2017-06-16;16;6;2017;2
b92cdef425ce50f517ae4065b817308e2bb0e06233735554f1a7427d4ca572de;2018-08-26;26;8;2018;3
0602c413cda1d488fcb4006c4d5cd95d5ee5a93de6d55163f04b03355d4b611f;2019-02-06;6;2;2019;1
9d98957719e24fba26d1a63cecbe1194d51695ccd2c1e0b657d4a728fafb4699;2018-07-15;15;7;2018;3
28dfb3aab6a539b9cf4762eeb08361bea25e79563b8f5901deb6b725b4ef90bf;2018-03-19;19;3;2018;1
264c7bd675aa9b2ceb659bfb3a652c041b745c7d05e0bd7ed10d5c6ebd9900c7;2018-04-22;22;4;2018;2
cd3f5a66ceab0182aaae6803b4a49b2300ecbab5f39973b39d2de862652ce9d5;2017-04-28;28;4;2017;2
333866eb9f7f6977061ddde922040815ffb97d6855c1dfa561dd8bdbd1bbffad;2019-01-23;23;1;2019;1
3a157c7ef964523d883d0bda765c72a28ad2775cd83677cc44163b66c551b387;2018-10-31;31;10;2018;4
8f1300d2c97eea712229395b2359f87e8792cb648df33b32c12d7297adaf062c;2019-01-13;13;1;2019;1
0892630751d7297d011aebc794ca698641e21b68f3b0a912adef3ab2fa6af166;2019-01-15;15;1;2019;1
d0ca9493665c43e36b2867c39fba698c1a34543ad7586c1c3375c4b52af0af40;2018-04-10;10;4;2018;2
aa5ae872259e2ba8a5c983f1f03523c249b773c4df739c55506dea81c57c0334;2017-04-29;29;4;2017;2
67bd375a40c0c2a9f4c2b78f2236b7217dfeaa5939cda1ce227591646170836c;2018-04-25;25;4;2018;2
d3189665624dafdd57a400ba7af185e995e4281e41d00c65e402bf086bcb021e;2018-10-14;14;10;2018;4
3fa3ebaf60867561fb915c5f4dbfd163db21a312fb8d9704cdeb78ee636b9d59;2017-12-15;15;12;2017;4
a38be658df6280ea296b178937b56cafbccba12bdf64e98bf27c7cd0db31795b;2019-01-31;31;1;2019;1
fa69c59c5f63cd79162349cd034efd27542653ded40d7e33eaa3554710ab0331;2018-09-05;5;9;2018;3
bdfdf616298809cd5b238fd1b6d21fb08ed43625eb52d5c26f9141f2e28a5ad7;2018-10-09;9;10;2018;4
2e8e6c52e813b5edb3e9af09453e1a63551755d39ff3e4fce369b622013d845f;2017-02-12;12;2;2017;1
a972036251784f6085280c4a62eb3eab2068e722b6bffda9182540ad8f8d97c2;2017-05-05;5;5;2017;2
eabd0d0bd60b93eaada198fce380645c7a19ffc389aaa3aaf17d1dec41363dad;2017-07-30;30;7;2017;3
26078770dbf6fdc66dbaf1a78b47638b4f0c09e8e5a4e226bc40aaebbc390fca;2017-07-09;9;7;2017;3
adab5ed4e81e799e16f7fb9ad5288f6c01063dcfed16b240bc663fcc8284c6a9;2018-12-26;26;12;2018;4
d3bd0173897005d3fcc6713e08db2e537d6fdf2e889fe0e7402ba7692bb7ffc3;2018-04-30;30;4;2018;2
bd8eaf567d07b20b16ffc2f427268bf93da890d39ec01e1dd24651c26bc9aadd;2018-11-12;12;11;2018;4
a99847f7db2f586ca384a19d2cb70d29f1298d043e9c23e64ca5b8af43e1bf5b;2018-02-11;11;2;2018;1
43eea92347e9429998cc995e14459e8923d71deaee162d1a4cea1744079b03c7;2018-02-05;5;2;2018;1
2599e50d96633a8179a40b2bb5d7b6322198712e5605a23bc9d000d9661ab617;2018-12-29;29;12;2018;4
5a32031a1a2684c640e2caeafd95d15e04848af5aa63049a9b29d55880733d4f;2017-04-21;21;4;2017;2
4650a9f0f931e722dc742be8efb373ebe3421113fb85ce252210151abdb889d3;2018-11-28;28;11;2018;4
7112613ce38ffa664e8c189380796982e587bf2365996ff39592604e2d98faf4;2017-08-03;3;8;2017;3
2df61bd035dbd9c4778672152c5fa574bc1ac6d6395b0c0d9dfddec4d9f8a98b;2018-07-11;11;7;2018;3
2e09d6467bd8a68278b1aad81c8c9dc7a561ca55e001f51c54c1b23856502622;2018-05-07;7;5;2018;2
2ff2aa39693f230d397878ae908d7929ae94da595101d5b4bfca7d5a0a463457;2018-07-24;24;7;2018;3
899539d22969a93200a3f01b07bec85e3ba8f68c8c12ec81905291bd6e87227f;2017-12-24;24;12;2017;4
42e9aa880edac7c83ff885edb8c5b15be699629dfcd960a4b95a2911b68a4f00;2019-01-09;9;1;2019;1
001990425acbc8c8a7f9410add7560ba912b1170a1e384856b9d48ccc1ca4e74;2017-09-02;2;9;2017;3
2f857d204768bc5a51e47671d41043c1c3b11377d774fbf77d21ab82c0b7d31e;2018-12-25;25;12;2018;4
15479c1841ed65b9e6725da20fef941776f78439bb872de38cdb5ca5ac629422;2019-02-13;13;2;2019;1
e9fe2deb69523301802ad1227e788e3dd2fdbc343bfe80805db8c547d3434aa4;2018-01-01;1;1;2018;1
58807d7d99e3b6c047fdb0b6d154f33f26380ed6fdf223b50966a7488733fdf7;2018-03-05;5;3;2018;1
1453528fbe77a66ec03fb92691738ca0c25876311e80c885ec6ac515f8096a19;2018-01-30;30;1;2018;1
2bf71f47deb9bd0fc17d2ce0d1bb34c62c114553915ab2c40dd920e7a8322f15;2017-03-05;5;3;2017;1
0d07c47c1ee46f26fb7ab6f2f7986474d6c9c08a7bd831a358311e27b3b3bf4c;2017-04-01;1;4;2017;2
c5248cfa56dc87fd5e0a2332b6430f1a0a46b556d5903c109d39f3f298204d47;2017-05-07;7;5;2017;2
7288a64dfabeccc937139f4697d7f96a8714264cff6647120f63c5e2c00889df;2017-06-04;4;6;2017;2
63a769c30dcafd234d03aa7471a2dd300128a8ebdd48f6ce1f596c5cdd69d3c7;2017-08-11;11;8;2017;3
f3fa6bb8cc3b38a55709e260479be469209450a2ffaec3f50185fa823d130b5a;2017-08-30;30;8;2017;3
26d0133def938e59082f51b69352585083f34d287fcc1362362758389aca1c58;2017-06-08;8;6;2017;2
18e10ae6075b59d32b9d44b9d610394acb1c5a0016767da391ed50f99f7bdae1;2019-01-22;22;1;2019;1
09346fa2e13287bb4358abd44ad8a3519ea9bc530d108524fa487aa4ced37841;2017-05-06;6;5;2017;2
dbdce460fffb12c104333b3d37e1a3aadbf724d1be681b6ac84a6b994c2303c0;2017-12-09;9;12;2017;4
cbec11d473e4a43938da5b25a9ecada76ba8a9ac355645125a9322d6087a6733;2018-06-12;12;6;2018;2
0600d6f682c2ce9e66fd75d9aaf98ed055c1d759e60a9087f3ec6b185d5ae450;2017-06-25;25;6;2017;2
db5dfcaf3ccc00374af1697a7def10291938219a85b4eed5c153e79ccd4971c0;2018-08-06;6;8;2018;3
6d35c26c2baf478a43065124ef4bf097c6661c6c3f0fcf60b5ae3e1012a114d5;2018-09-17;17;9;2018;3
4f12220cc1748a04f8d62ae1c7bfb1d511fa9ade7d9aac76d1128a1f46cfc0b4;2018-09-24;24;9;2018;3
133c5d196ba8c8528658028b7f739f4e01c333a18f8a159b388c571a79f5432a;2018-01-14;14;1;2018;1
56233c17f7718f86a45d05d35cf30f5b0286eedba5012fa5561dfb6f7126d4d2;2018-03-26;26;3;2018;1
a195820b8405088fa9bbdabf5c0f6c95f898e3aa715356fa15a1396f6f6dcd13;2017-08-04;4;8;2017;3
12f46392a50a57107510621b84561caa2cc1aa2ce1fe2a086fd9d4cccc9ebb8b;2017-08-09;9;8;2017;3
116cf26a9921682e2dc5e248a78a26d5cff0530e83cee7f30e3a244b524c579c;2017-08-20;20;8;2017;3
84ce7f2fe3e4098a40927f694811152cd83e4f715c9932a60a40aa2ef700388c;2017-02-02;2;2;2017;1
a059b98586af804fb5137d107a31e423ec63812bed19d84f8e6a27619abf06fd;2018-12-22;22;12;2018;4
2c109fb328a6cf6efb4e645c46107b5733310b3cf9db34da98e8096fb9f52c5c;2018-04-18;18;4;2018;2
df181d2e2cf79852edadf86c959b9c8faf2a943cba6a6dee30217991ea18c86e;2017-04-22;22;4;2017;2
bce7fc7fb66264ca7852ef546f6ebd25f521e920b94e29b11fc797b000ac4edb;2017-05-27;27;5;2017;2
0ff128994220595f992252d81e3bce28046ee299b405c85483746837a0cb6d13;2017-11-22;22;11;2017;4
4b6ed4644cc7ac910bbffa250abf58968d15e7e8150a0fdd92f816e9e09592bb;2018-12-12;12;12;2018;4
253bebb2a0734629756afa2ee1b74f2a63e9ee17d7cd74b202c000ed43168bf2;2018-10-28;28;10;2018;4
64507c5d4c872117e5e9ab9f186454c4eceeb440e66e36f6de7265894c48e675;2018-05-20;20;5;2018;2
99543299185dbacf360120b44e2fe857affc10a61e167b9506c6b1e419ef3c32;2017-06-03;3;6;2017;2
c74ea69e3743cd148a617a207ced3ffca267adf0e21f689f3a10a5a4b1cafc77;2018-05-19;19;5;2018;2
b5dff7144cec60ee6603421606bf1f463a59f1bfd832faef48c5653cc2411b11;2017-04-14;14;4;2017;2
9da1746274ce9c7b6dda8be0379834cd8755a85c75fa66c98afe7272a4d172fd;2018-08-07;7;8;2018;3
b2a1b7652284a187cacb6b1f28bb183dbdb54fff515a216815bc45419d51c257;2017-09-03;3;9;2017;3
cf966f564a6b4f86caaa037ca9f471ece8dbca44addb068e6c08af6fbc6f3a2c;2017-11-03;3;11;2017;4
4b1253998cdabfda4f4835446d4613a40d59bb0dd8289b093b8904a6a2cc151c;2017-11-04;4;11;2017;4
2a4231f15cbb1f39e4e00d33592420cfa6d868da79efad6b0f0947a91e2ca5a0;2017-11-19;19;11;2017;4
2459da86b0a96ddf9c04e2e9d1bce5543fa4bb2dc0e6efb45a57b5e4b6a9f923;2017-12-22;22;12;2017;4
7bc9b7c113deec32650510165a9b8c958c69ef5a5d37dec45c8727eccba6a06e;2018-06-17;17;6;2018;2
f781bdd77fca756f3db542fc832e15996c7c09abb747b1c7499cb61f01ed9425;2018-04-07;7;4;2018;2
be2b55905561f4b80ff8a210a4595055656aa09cac10316745988072bb5c3180;2017-05-10;10;5;2017;2
8726f2de87cc9fc5c9228826c34710bcea93efaaaf3e7d6f88aeb117e888d753;2017-11-02;2;11;2017;4
d2c546e73394b68a84b6ffc70617f8dd4a41d685228d4a48876c373b4768cf50;2017-11-15;15;11;2017;4
41d58dfa982edfeb1b3dd75f1db625e7342e8f14cc6e13a24f8a1f71f7048e01;2017-02-09;9;2;2017;1
4bb51beb660173b71deed318bdcfe850e0928193fab88f60c86fd6535a0e3a76;2017-02-25;25;2;2017;1
5eca4a31fe516b2fed334b7fb476503b97d2b32f4ae7bc40e36b02d3aaebab76;2018-06-09;9;6;2018;2
3802f4c009983f16bbd3ad5fb6f4292b75107efa6b5fb9753d0308851e0b104a;2018-06-25;25;6;2018;2
9f049680a17cb406dfcb58511c557e72670908e43a885d968c2a5de433aabd18;2018-09-11;11;9;2018;3
e3beae407b7a54005e470bb4ccc5160d1ce6cf9fed7c379ba40b60429b505cdf;2017-03-04;4;3;2017;1
c0cf15d48222fdc8c2e76660e19593aaf60d9223689efbd42c934367bece3bd8;2018-04-01;1;4;2018;2
941b4520ac17675670e8b0f58bd202651c868fdf80f1759e7df8c97e7c21c9e8;2017-12-06;6;12;2017;4
f44b2f770b16a3ae1809b6644c45de50d24b258099a9bd22277a0f7afa1b4005;2018-08-28;28;8;2018;3
849162884c1f39dfec621b363f267472ce3b5d4319014cd5a5a4203efa76b35c;2017-02-05;5;2;2017;1
92206046fba8ea2879d1e58ebde3476f446ea89e33ac567d80f114ef2ec8e561;2017-11-09;9;11;2017;4
5384705095429675e3256fbe29beba72680624905114c1199dcfe994ec79cedd;2018-04-17;17;4;2018;2
989cd7ba96c45166cd4702b3e107e73d3be48b71515f0906f033cccea039f558;2017-09-17;17;9;2017;3
01e28c955711f1cdd70aa1048586a4530845ccfba403827577f852593f26ee67;2019-02-04;4;2;2019;1
b0f9f8a18f68fdf07f6fb6c45a73a7cbfc57f2fcd8c73101be9270c038ae9c3c;2017-01-27;27;1;2017;1
4b541fbfe405ee49c812f5667f6711df2a8576ca3b8adc7a0b7cb160336cd3bb;2017-06-02;2;6;2017;2
3688d1dc9b264b8bca894113ecc3c4fbaa386415469b89bf734c9cf8ccbd2cfe;2018-08-04;4;8;2018;3
439f228767a0de85c2d36c67cee11bc6894473661f2483c1609cd58ae4e9548e;2017-08-27;27;8;2017;3
3e32f347c73729d1e4757d511cab372d3ae87de57b21fdda7872b6e85c8baf55;2018-02-04;4;2;2018;1
c98f0fc89b1806e628c14d0485e3a4a6f02ea852211f2a528ac87d8243327b3a;2017-08-10;10;8;2017;3
4405c5f6c56d57e945e5c304c51771899de3753807113699995d3eb4dbe797d8;2017-12-08;8;12;2017;4
5a1ea6baac6daae30e258e33d63c1660f4fd8058b75411a17f2b878bd6628902;2019-01-27;27;1;2019;1
5d7c2cdb324b9442fdff872d4535cb9e130cb5c8e74514c57d7a7456b221b6c8;2019-03-04;4;3;2019;1
0dc01872e343182d4fa4cde70adc467fc01ef68727549e76205be399fb87a026;2018-02-28;28;2;2018;1
5e7fd59f25051eb29a423b2dfff61d9653428ab65ecdbbdf497f0b3a6b539b30;2018-06-07;7;6;2018;2
12f70f71ac6f14e6796310a5cf90434cfa3c34c5c6c840ea0dd9148e597c7e94;2017-10-18;18;10;2017;4
1dc431e8010725dd4ce43c6509208d7496ae224eaaa2c1313b4b237c8f4db298;2018-10-24;24;10;2018;4
1f7c9644db3d0d0f34e99a4ee198c5c47a5ba21f60812b73c738a00978229a60;2017-10-28;28;10;2017;4
e3b0c44298fc1c149afbf4c8996fb92427ae41e4649b934ca495991b7852b855;"";"";"";"";""
5cc414a58836af8ca561dca4253bcf70c9e7de78683beb60f5bc4df6746283dc;2017-08-25;25;8;2017;3
5b3cdaaf1e38bdaa9642e41062b08b2c6c017bd77c79e3420b253a6376aded77;2018-10-01;1;10;2018;4
22079c13f8d3339954501f0b408bf7f8d97dfb84eeb607fa9a7eeae8f3dda673;2017-11-05;5;11;2017;4
45e7fdb12d55c8ea12f83a21aa7d2d937cd747849866b71c78bb441f3fd83ad6;2018-12-10;10;12;2018;4
d5f2f3cb90342a211c0d0f8f2779dff7796dd1361c22af97181d911630fc7c11;2018-01-08;8;1;2018;1
4fb0c686bbd6cbdecb3abc1b87ff60a349b766368c166b1513aa080bce319c9b;2017-03-10;10;3;2017;1
2ce1969d77c683f414d1eb15b9c333d6d60c426ec3a76d63d844de26cce9a3fe;2017-12-17;17;12;2017;4
857278f54b0e1cbf57900206453ba3f41c36359b0c15a9c1e556137a76d4665f;2018-06-03;3;6;2018;2
cb0fdf24679a7b15adbe781fbe79d95965e59ea6eec8ae7b82efe84e7b62c38b;2017-05-31;31;5;2017;2
5344614e310d949d9eee87b472e9643ca6e89d1a3d416122611d884f0c2cde69;2017-06-30;30;6;2017;2
07bae6534573e3697e2737f97ec6852659e774f2f1be5f15f850dcd322146fa9;2017-09-01;1;9;2017;3
2972bed86662b09d91c2b4f2bbff593eda9ab317f6d1e37e13c6696ad724be42;2019-01-14;14;1;2019;1
a7e17d023a09dd018b9f861c366863460f95ee6fe69fafb5aea949d214c6d354;2018-12-08;8;12;2018;4
0a1566515256198432fa76578d16c70e22a0a6ddeceb811021f845d10c2643b4;2017-02-08;8;2;2017;1
a195ec95e0d00efb29106e56da438e40db06f085ed91d1421caaad36f284f823;2018-03-25;25;3;2018;1
88e9c52a0ec870bdfc4242ce02aabfb22a63564ce2486c01a3dcc95cb45c748f;2019-01-07;7;1;2019;1
c6be9740baca4cf4b1f4008bd594108e6ada414f83fb370e9710cd51017741d0;2019-02-12;12;2;2019;1
1046c6019471cb6c2c86171f559e9783dcaf98d8f8ccac3b2b2fe584e3dbb57f;2019-03-06;6;3;2019;1
9aaf238a66e6f864ca689bfaeeedd5a4ee5f525f6831fcf3cc1cde38bd6790ec;2018-02-07;7;2;2018;1
dc60c7753480c8870abeaffd011343b96d4a5fb4f63e9170ee56cb1abb083642;2017-04-07;7;4;2017;2
d70138c941f8e4c399f59993b121507e7564727e19ca491d5557029f251e74e1;2018-11-17;17;11;2018;4
f30b239e4754f0ecc6eaa31461fb26af03cb3fa963741df4ee3ef46770802b62;2018-06-26;26;6;2018;2
842aaa279595593cceea507ab9998ac11d8ece9c77aa59b2d97ec055242d9d98;2018-06-28;28;6;2018;2
534ea1d956efba6068151cdcc993968883e39dc7d5544ada2e3b3d8c5aecba35;2017-11-30;30;11;2017;4
dbcbef7b4119d591524adf9cb9642f68bd07bb6d311e5bcdc7f5aa76e2f76b44;2017-04-02;2;4;2017;2
35aaf4cf74d71fa2794b2d15e609373a00643785b6cbc2e4b169ac486872d0f8;2017-09-20;20;9;2017;3
55c371a6f79dda9e6c1f28c253ad293cc865f8b98647451030e23d85d0c8ac79;2017-05-21;21;5;2017;2
de6eb95324e5b9b4d597652f5b1a42ab56299b02e146f0fe2d1eedcd486fd5cc;2017-06-09;9;6;2017;2
7678a2b33ddf281c3c0dd63f093a6e18556d28113d4de0a87dd2f44d58f8e367;2019-03-11;11;3;2019;1
a8e8e0688790e001d341682c8a9f0d98e37273de37476795475e3c1e62e70b50;2018-07-25;25;7;2018;3
0af0c33fc70df4f5e222ed17da74dfa4f0b9c6b3cfa1bf5d236c4f43bea7f9af;2018-09-30;30;9;2018;3
dba45770a0fca29411bebd068f580a2414a31e7909ce0e4c73e34b9ac17708bc;2018-08-29;29;8;2018;3
c184706641a3ccfad92788e04775536695f5d4c6637f4bf7402d1fa4bafaafff;2017-10-20;20;10;2017;4
bb6649507a8ba70fc3f727bc23cea8ca0d60b516315ed1c4df9ad9255320efa8;2019-02-05;5;2;2019;1
98ade595228007a54bb276c9ee20b5398872c0739967d710731895824798dd43;2018-10-10;10;10;2018;4
bcaf5acb83fe4b3c20d99afd954dc2ce05dde98fb9cde84c004d7090b5663745;2017-12-01;1;12;2017;4
f7f09c2154eaba7c2c8ec06ad29e25c7005fc1db0f0c4cfa430c5712d6bbeb5f;2017-09-06;6;9;2017;3
7b443dd1d9ed0060c3c76c9bfa91f8c4da645c437d25ce509626e88c7c658459;2017-02-18;18;2;2017;1
02b788a346847a39631854cd10b836d5df518491d5a03f99a6efb74d47162085;2017-04-06;6;4;2017;2
1f7121d37709ae3250c8cb08d39e69f1a1533e891f7afe721f42d3dd66fa516a;2018-05-28;28;5;2018;2
eb603f298f80c660a3982e679689246bd8d1790f0e6400deeb69f419524cc739;2017-07-26;26;7;2017;3
cf489b557c0860830c709e98116b1a60fa7b3e5e6245c7ccf6583080199f2b78;2017-03-01;1;3;2017;1
21b489b6ff6d6732a2f130e71d7b1570a0f7a00871419ca2e105851fe04a5b68;2017-05-26;26;5;2017;2
e330eb8596c792fb3dac536d48a49da22730baa0160bb9530904d2d185fc3f80;2018-06-13;13;6;2018;2
2f3730b94bb53db894a864933341f6edec127a57c9f9552a73f2d97310c69c8d;2017-10-07;7;10;2017;4
ee9e3adfc2c25fd7b135ae40a2367bd790676f9a7c1a8e281661aa874ea2f0e6;2017-10-29;29;10;2017;4
3c549ebd117aa57707af4ce8cf2dd13eb2812891813ccb329f2166755a22b72e;2017-12-16;16;12;2017;4
a77d8e0dd5f9faf5b7a6cd83e7b84217edf48ae7987f8bc2132309e5156e4002;2019-01-28;28;1;2019;1
1326de46d30d50e0361b9369572f766c582d82ec598b8e6fd4e6d56353518637;2018-08-08;8;8;2018;3
5f10a388cd1f2ee0798ef33cf84bb58a52b931d0d977e1948ce8d7e5609d20a1;2018-02-14;14;2;2018;1
e8fb77ca484dfeda12eaac228eab6e377edca4b1d1e3c090ecd48e838fe5f892;2017-09-27;27;9;2017;3
54eb9639d019610f189af1c44b4d3038529746de30e0e31228cb770b772e638e;2017-11-01;1;11;2017;4
70aacbb7666946f42c6ad33cbfc763087637bb65508bced45fefd4235bf1c343;2017-11-29;29;11;2017;4
28e63d8583ffebd57e1a68edeee62bed363886e64e5220d8ca90ed64a74ebbae;2018-09-18;18;9;2018;3
3bcef409a90fae2ac9db6af6b5127d442f4673e1d1c48bf7569b71bd6671a8e6;2018-01-07;7;1;2018;1
5cd0353801b2edd77c7ca4e256b65dc1523e6ed71354e03f8c1a758531aab614;2018-02-12;12;2;2018;1
22ac2e2363ec473077fb7e8f8a8907db9f1dd5ac88fb5c01d28ca057ca380de6;2017-05-14;14;5;2017;2
96752123c088e7f507e73d04fab0883b20f988e3ccb070e9781b9041c4598f86;2017-05-18;18;5;2017;2
2f0a6c32d9becfb98e2e58286db0562434a8574d5b8b13628e2f4cf365d54a85;2019-02-19;19;2;2019;1
78bfa982c1022a318f03a1a49e0a2373648a8ea901b991dd05e7fe253879dc11;2017-03-12;12;3;2017;1
7b7b9c2e0359439daa27f2f1cc3ff76600a038f3b7127799bf0354963963d386;2017-03-26;26;3;2017;1
54b92ffc23fea5ebe6cd2e1a4e5a52f72b2d648014b1712fdee397efeb8baa6d;2017-04-23;23;4;2017;2
c3e21f528b19f2bdf211c16e3dc40c139ead39ad7151aa407b2c9bba3f671264;2018-09-22;22;9;2018;3
fcbf8b1ba566288cf6db23e41142401e546c89351a00c85d388387a4b4b91636;2018-02-06;6;2;2018;1
2380621062944387b235c7fe9a65ba012281c366bb9505bb29da03859c84f646;2017-07-03;3;7;2017;3
51a77f0f0fdfb1060fbd861c14e409750dcbc5c91ca6a46b43128c2266b8d398;2018-10-16;16;10;2018;4
264bdbe46530077def739ab6ad499b58bf30a835d022bfb9dfd75210a9ea80b9;2017-03-25;25;3;2017;1
f141625e23f14f089689295561738de5353bc3a0f58e2a30bdc4afd9573bd7ac;2017-05-19;19;5;2017;2
0c593855c268e0eab23ce895d81345550aafaff94b27090a81f55e30374a639f;2017-09-07;7;9;2017;3
7479a16ec98615e72fce94257e24e90b228a2bb6852a739abb0bc0edcb151f37;2017-11-23;23;11;2017;4
54c6fa948ec929b2ed9d8f2129bba1fa94813b62fd4523cdd912a49c15a5002c;2017-06-01;1;6;2017;2
5cd1e227a1b45fd95eff05e283d6d9e864083c9413bc0529c1781346757527ab;2017-10-11;11;10;2017;4
cea1010f118c682b5dd4f4cae9474907e224b946b85d062d6b1f632191baa60b;2018-06-19;19;6;2018;2
f9c78216cdb4250836a592cab72ccb80e47baab42b9fb6a6879588660bc37104;2017-07-21;21;7;2017;3
455edaa5466d1a4ccdf1b3aed4aa4b43959f49325ed6bc025bfbbd9d923662ef;2018-06-21;21;6;2018;2
d8fa443d4fb270708f953bdf0ab3d29137d132c3b927e9b1d935f852593456db;2017-07-01;1;7;2017;3
95216d867361385a1e8fd15accd05e38b548803a7cb468eb2fd0b3a04c4d2af7;2017-07-14;14;7;2017;3
cd09aa80c8dc1e0b113eceddbb085d647e7311572ad714e4a3fb8f48c21560d0;2017-08-16;16;8;2017;3
ff40f3fe3492302ce1e0300d165cd6305a754288f8680a57ae18d3c9deb1a6cb;2017-09-23;23;9;2017;3
c3d1a51f7eb0dae35438d9489da2ad5eb345ca7ad5a1a291cd2a75c6665c102c;2018-11-06;6;11;2018;4
dff9e87d070d14f109901686e0d992a522eb8f47d8d15b7780aabfd06fb5dce3;2017-09-24;24;9;2017;3
0410894a2f350f620a1ee0ac885d8761624fcbf6a094daec29befcb61cfd4002;2018-01-04;4;1;2018;1
c289138a510c92f3e993e2c1f461b4cd1aa6d5a155f508cc73b6522d9a331407;2018-01-24;24;1;2018;1
a1a1c6af0dcc0f168522a69e9886510d1d72b1dbfd67808164520d69e17f68d7;2017-10-13;13;10;2017;4
f1e4d5134656d28491c87467f6fadec42a63dd0b4d55774c8e9e2f115db1c77f;2018-06-02;2;6;2018;2
d9eccb504160b07bf710104ed8ee8115a2a5ba7f9a9a177cc667cbcaa373f625;2018-09-23;23;9;2018;3
cd59c1c5dee1d9e12526cc3a3774bc9b6b42c4eb6450dc645289da7810fa0520;2018-10-02;2;10;2018;4
b76ba9e3983ee0733ad3af3d9a9aee20ec619a5aedbcd7ff41fac1353678549f;2017-11-10;10;11;2017;4
6e1cab6db8dd4620081e7c65fb87d4048951dce0b29b698ba62cdebfece18390;2018-02-01;1;2;2018;1
c5e18c09eb3e621a63456f2676b591dfa18824001e933d94ea6566eef2214ec2;2017-02-15;15;2;2017;1
5ae4cad411e7f6f587796365b042f4ec2f89ef7387c140012e1df12627c941e6;2018-04-15;15;4;2018;2
6c63a2e3b396f201bf9dc8e897a0c6109b380b66f55b127ddd4989db207e4d66;2018-06-11;11;6;2018;2
27adeb92215b96298943ada48ad82c1274446545d9e066c2f460202394cb20d2;2018-11-20;20;11;2018;4
76a548c8f8371f882ec531a4252c36a4530b7712a04658f814e5302d842f895d;2017-12-21;21;12;2017;4
e6b6cba1dedbaa55191c712d98751e219186041d884ca3a90973701da7667a2e;2018-11-11;11;11;2018;4
0da24e85bdd559943bb10ecc3058bcfab5f058bd0704c024ff3cd449e65e97c9;2017-11-17;17;11;2017;4
af2d336213f21081c0defc288410adfef3b19f11f23f43a2e0c24cf15e063538;2018-08-11;11;8;2018;3
1c84d28b47a090317384eab28fc6596a633dc6a23b354c63f0edb36aebdb6620;2019-01-03;3;1;2019;1
3b1b0493eeffcc43bcf8c087d9a3f2a0dbd87e9861b2f5cf93998774c208369d;2017-01-18;18;1;2017;1
65cf86b6f1a8f66a5b8a0b34fc8683af7b29295e6a581f875d1d15011d99d078;2017-03-11;11;3;2017;1
4bafaca118298cc26ee8491549d3b6ee8c9b9d42ff8e0f9c3697f1643481b277;2017-07-19;19;7;2017;3
536b215096ced0c188a0b0d50b9358b1d0e389f6044d0d061ecabc9e850042f5;2018-09-12;12;9;2018;3
e7f1e3e59c35cb2b54ecfaf9270934f29649ed23799bf83ad213d8a450dc661d;2018-05-02;2;5;2018;2
9be0fb20a571535cc0a705a4f94474118220b69c7035b1db2e60430cc60aa314;2017-11-12;12;11;2017;4
5ac9345a5209eec82f9b8f2f72b3ceb8276762533980940e457be9c66e3aefca;2018-01-21;21;1;2018;1
7ab05976f047cea82c93be7f3be612874221b9d9a2241befc421e99c97519fd5;2018-02-19;19;2;2018;1
98d79fe66c4c5cd1838f4869859e1b3add19d78a86d92b75fcd063342f8aa54e;2018-10-21;21;10;2018;4
bd41d664a790ddedf7835b61621cfc75f2ad3f7820ccb4a8ce523e8ca68f0971;2017-03-22;22;3;2017;1
36915376b89e971df24365f3ea4eecbaf8aed1b52eaa576b3c74b1e26582a092;2017-08-31;31;8;2017;3
72ed546b1ab0ef1dcdb9887bc284809fed0e9007ee24e70ad9a03a1adb395008;2017-11-25;25;11;2017;4
0af21af06a1904bf47110b8906f30d733fb26471806505a8cffcf844453ef79b;2018-12-09;9;12;2018;4
e4cf489f3648421a4e3b631217d4335996338b2dc0a102430f2ee5591c00299a;2019-01-30;30;1;2019;1
d11dc2d68bfbb37f3291814176f6962226f4a1b8d046f3549c69b798974743b7;2018-03-28;28;3;2018;1
31917c10a6a819991c568569798d1ec3e7253c1c5f8ec880ca30e43de7bf8b79;2017-07-12;12;7;2017;3
c81c2a2552555c73a61d627f4059a736f383c464ac4b286400f3275e8cf14404;2018-12-18;18;12;2018;4
895df5a23761227e0ac9b9a4df253d079b04a631b8ff5e14b9cd5a15c363577d;2018-05-12;12;5;2018;2
a95e9505e27d556b3d286ffda7a3f2df7dc6e988841ef6a0982756c82e3b4276;2019-01-29;29;1;2019;1
382117e69d8b1e799d485b0305b9b1b933955c013906da87b71d04c82304d102;2019-03-20;20;3;2019;1
ceb7ac816ac4b0c96c0bb2348838745dc3c2102464cf0d2c9699d93f407769e3;2018-01-03;3;1;2018;1
1e0078eab03a513b42b086dc5e353abefbc81b43034d8dfa7166998f82f68522;2018-07-28;28;7;2018;3
723f0412618da1d02ef6e1b3198fa1d9e6210490d1eb2488dc6302d855951786;2019-01-21;21;1;2019;1
932e7586fb8da47ae52e22059cfa085b15b79813826291707e34d090e8b59acd;2017-07-08;8;7;2017;3
a9a221f45eaec8661d272beefd56ca02e201e5a15105f039fcf5d34858cb1d37;2017-12-27;27;12;2017;4
7b25563157e5ae881a9bd61548840790514a44e24b66f780328c6de6eb9a53dd;2018-08-14;14;8;2018;3
babf53fd0b44e74e931a0c71ea585c86ec5b340fbc0452a17b04f211d37a158e;2018-01-15;15;1;2018;1
152e07f60d13e9184575d8ce5801dca25347a919652496a1f19a6111d07b2495;2017-05-04;4;5;2017;2
1df03485ad6290ee3425cf2277cdfb64c2730d72e750f341833c754d1bb63ae5;2018-12-16;16;12;2018;4
d65c8e7870046aa467912dbb4afe8fdb5ec19cb75f603480ad1672ce6be27ba6;2017-05-24;24;5;2017;2
8ae67094117f0f3e798bd5c936efbf4f55471d9f5bfdd8ee1e210293f477d37a;2017-09-21;21;9;2017;3
911d65767efaa926b09e1e202f587fdd2730528dd53c4909b64493d3d88f3f23;2017-12-10;10;12;2017;4
86ce28739a8bc2e9f6f3be70ca3977f6a72171d9b9ef5217f7870fbee10bf948;2018-07-14;14;7;2018;3
70bf529511ceee0b5181ad11eb38eb3f959c3690a9699ef11369db1e51dab80d;2017-01-21;21;1;2017;1
0a2ef9eb05457b04495baeae81869ff19bd87f8d5d102567aa871e1755155598;2017-01-26;26;1;2017;1
b0c7b4571629ee644845d152e13dc13275ae6c330c167d1fe1b4d50f66a9fce6;2019-02-25;25;2;2019;1
c9f63251e8b150a3fd7f83ec45f235ae64aa78833c6ec7ee27ad4ae0482a6867;2018-07-21;21;7;2018;3
a4c4f38f003057878714f3528fa8cffe4a33d5a533d7d8e72a3279d37eea9f4e;2018-11-21;21;11;2018;4
6c5965bcc8724f61c20cfd288d2988f044c1b1f4ac1f0b022f75a6eb61741897;2017-01-13;13;1;2017;1
278235e2099f8e6c926a87aa277c57c7ffb4391e973a78b1a0a968db49de3369;2018-03-20;20;3;2018;1
4d946fbf1ac06158535401dfa0d51e346806363dce50d96808abd3bc07568406;2017-10-15;15;10;2017;4
b8e2d53e37b2a8e18193f1e5e89fb44d64425f4f412501efae1eafe513225e22;2017-12-02;2;12;2017;4
000076a21878539cd558c851cb72a4e394a42191e5f6b90cfe4a4892a49af78f;2018-01-25;25;1;2018;1
1c7a3d3e6cddfc1395a77071783c76124e6117d9bb8047af4596b235cfadd43a;2018-10-22;22;10;2018;4
aa3f03db16387a6e0a7ecf35b673054528d175b62600c865a5707554caa39816;2019-03-14;14;3;2019;1
faa0bfe48bd592da07fab7f3e57741b583f6d795b245de8c185706333e195807;2017-06-21;21;6;2017;2
c1f80fc2721ce1cf322ffa890c8bcf170f47c0328011b807506efdc48b4c33e0;2017-07-05;5;7;2017;3
5f909890ef4b1e8ab864820764331c65880dd11798fec1d00ba8f24b626f006b;2018-05-30;30;5;2018;2
0c7b598c0a38ac816696ad4c38a0d72c816a004a86906fc259803df2011c1f19;2017-02-19;19;2;2017;1
6b7860b5ee5fcd5854d80740cdc4bb5b02f800b3a628c42d929a854ee6156c89;2018-07-01;1;7;2018;3
85b8b7c6eefa824bea9ae50f7010d152b04e9e852232f83999e4bec66aaf591a;2018-11-07;7;11;2018;4
43ae809ec7ae618129eca81cd1d4e7150fc6c323f2443df225320eb180a2582a;2018-07-10;10;7;2018;3
d41576128dd0d4c51e6df6e95d3664c1df0b1d9d7a30a4cb45c628bda9a82671;2017-01-29;29;1;2017;1
eec809f9d95cacf6f422a025b889bc13c592b237b312e4765e92155d0308b301;2017-11-18;18;11;2017;4
b80f8c0488949e60a581df86efb69df6a986adc903b16de8060ff55659f85922;2019-01-17;17;1;2019;1
40712f16e8ad674b336ba7c364d91ebb56d2181412c3a8bc59ba88aef2d7a427;2017-01-25;25;1;2017;1
a53d98414592f2e2763fb81954c11b65cf018c9582393b1427e8c7e488d287f9;2017-09-10;10;9;2017;3
863b04d53f7daad15711d9b3cfc2ba66bfb7e57748061fbc4bb5324ef0f37db0;2018-10-08;8;10;2018;4
f524b9da0eb463e751f5ce22b73a7069c87e0705c26d4296aa25dba3c8e7212d;2018-07-23;23;7;2018;3
5b72c0701376d2e18db61760e20b5c5f9b82b6c369e88efd7b765badd2cb8870;2017-11-16;16;11;2017;4
88eb630b407677d706fbc64c3f68c57aff3a4384c5030606bd1f68c79d670abc;2019-02-10;10;2;2019;1
58ec874504830bc917d6b57ff466caf981f78240758a1eed680da4567c1b4fb4;2018-08-18;18;8;2018;3
75cc17ccd1bc2e0013ea97953ed20ebf81eba423874fb86cd7b5d071a2c25ae4;2017-12-29;29;12;2017;4
9edb34c006d33d044eb8cf009d70b69eca43fa87515d909f99f72f2c9213e916;2018-05-22;22;5;2018;2
1e7e8ecbf961f1e999743946880744c5843ed7699a18f1598249f0aebb2daddf;2018-07-30;30;7;2018;3
4e198eb5f7daa25c5c28f052b9e6c1b2470eb683d8efa007563ec2833017aaad;2018-08-25;25;8;2018;3
ed2cd8eb9f58a929374d6fbbd106c81440c26419e5c8d6ed5c8c0e1a5927cdf8;2018-10-13;13;10;2018;4
c17773b50ca06372f1e6ea77063fc66dca238df430001bc21a32a2e5a8c9abe1;2019-02-14;14;2;2019;1
05c0042ec3c077e3e8658f25923d95325ab78627d97e422415f72b6e288e83a9;2019-03-03;3;3;2019;1
34a066c5646df6e4d02fd242f328e21798725df56e354350e89ca2fb34f95365;2018-05-05;5;5;2018;2
93a902a9cc1d779fa062c314aefadaa78a9fd321eb09f109727fd54560481e21;2017-10-14;14;10;2017;4
21000b64a4d793d7aa111c2d6ac9f84f2ecdef63152897e0793a3611fafdf944;2019-01-16;16;1;2019;1
cf047bc32daa15204adae39624eead59130901d700817ca2ee833cd2c8572f97;2017-03-19;19;3;2017;1
4699061359c0653609909632cc8a0d95af607f85885f60ccc6935254b84e849f;2018-09-09;9;9;2018;3
9863052bbc37db7d27d1ac87aec1b1a18e2e7103a1ff94668f2468392243a70f;2018-07-09;9;7;2018;3
875903ea3bddb1bc9afc0bf3c253aa844ddd99263c73effddc8dd58637bd29e6;2017-05-17;17;5;2017;2
2a34b1e5f726c9139c80664db5015a3b71beea2f0c6a652c1a9e9d4cbb9594d0;2019-03-07;7;3;2019;1
4b0ca01f1773486eb1f6d5cc69b7a7e6d28dde69b414f3953f4f0b27a79a97c0;2017-03-29;29;3;2017;1
d077a8148fd8f9c8b338c4e14a053e8a26cd3d8d7b18ad7511122835c2830694;2018-01-29;29;1;2018;1
082fb21affd9cb745e6871342a465806d3d3e1964ad61fdcb2486cc3c32be7db;2017-02-03;3;2;2017;1
ad094e5134706e666ef962cd751ca0a264daaed4d3bfa5ba077e25d0935ec176;2018-02-20;20;2;2018;1
7ba10904804bf271f2a9f379ad7548e5314d816f7cd5d2065a6fd3c43eb0abcc;2017-05-11;11;5;2017;2
31a89bf0d9ebae96f0ee4458240180b595cf208bce139c8dad79b33a55c83791;2017-09-28;28;9;2017;3
67eeb97915e50eeb72fff102c73690adeadd200f94e226625322b48c25609be7;2017-12-13;13;12;2017;4
49b5046b5bc80db4dfdcfa280e996680dc5665e2e4e95eb4ce4e4393c9e5846c;2017-02-01;1;2;2017;1
e6642d147594ee8750fc62f7729599bc0287318af515e3a82ef02f5d3d27e8e5;2017-05-03;3;5;2017;2
54f632da3cd1be97b98bce21ccecfc36262b936af0a3faaa7be07b06c0106b11;2017-06-22;22;6;2017;2
8dce334f5fa390559d4100281db1d153a10d886c1231e3963e487e78ad559fb6;2017-07-06;6;7;2017;3
8c2f6c24be7aed72de183fff9db6835790820478bc2fa000c92da4f23a0d7333;2017-09-14;14;9;2017;3
c91cefe70a40e0b88cceafc38c118c2fe4a0ded9dd53027d23b60cfc235a7853;2018-09-03;3;9;2018;3
bcc996b422899735c0308fc159f3384c91b0eb004dfbda563eb98cf5eaf1cc5e;2017-08-24;24;8;2017;3
175729b67034ad83c4fa54af65de8e7298a67d752345a2c9bffd30b5b6d3ee8d;2018-06-23;23;6;2018;2
85852af8b9d8e66b51bda191ad0e26b1b7343c22f4ded8635dcc51e650239238;2017-07-20;20;7;2017;3
bb2a738c12549fb74a0d78e0f7cbe4aabb54bcf30eb8fdb5e8b1eb3be89129ae;2017-03-17;17;3;2017;1
58b3665cdc8d2331b49e4566d96b23dcb5b7d042bb629ee032e4bad8b8930495;2018-07-02;2;7;2018;3
387995c51cffc8ec59f8257599203933267bbaa0a4f57b12ede3b92a4aa8ba27;2019-02-20;20;2;2019;1
787d18a39fcb44c2d8d9d7fc156d8d2115167d59e72ca1d1b4b9917f02194a50;2017-03-30;30;3;2017;1
a255aff1afaf74cdaf4b11fa9b5adfff209d36fae064f3c66860bd393b921b3d;2018-10-29;29;10;2018;4
fefacdaf7b670b51d9aec4ea44bfbdb9b0b86dada808ebe86ec5c822440c3e11;2018-01-31;31;1;2018;1
e0281036c55ba6a0d6fab3210228e278451df889d3d51c08ab3bab908b537425;2018-07-16;16;7;2018;3
7be133f8f5d68a3ee8b13325f177c136a7b65f240b6a28eadaf5a2c7d2dffd37;2018-07-29;29;7;2018;3
96e6d8e6b3386ccc0e616af0dbca3985cc6a8116aeeb0dad21d002d6ee86aa3d;2018-01-18;18;1;2018;1
b3e1c5ef3b5fc8601b2505a23752f1021cba90089a45149031722b52f2b79067;2018-03-07;7;3;2018;1
15c3959c8aab0ce844e840e458bfdf6bb72e636f384055d9f4baa49c6d152fdc;2017-03-18;18;3;2017;1
990ae788343ba50216d499f69dc39d07c325e21cbf65040fba38a66ffc4513c1;2018-12-23;23;12;2018;4
287751f4349bf74dac848e6b15ce2f976b647ef9aa5ae38ce9cc636d08d252f4;2018-01-10;10;1;2018;1
25cb7cd3574e78f6853479079b35269b6c33ed7f4fd0e5500910a0b213fd426d;2017-04-27;27;4;2017;2
8f90512d608e780cfe15755627b1941be3e28effcb6e6d62f5c374a8567d2c12;2018-06-04;4;6;2018;2
2d529d05e1b84a49dbec66a8669a909d315c64a9ea309d86e3334973057078e1;2017-12-31;31;12;2017;4
3acf25a8813d8506be681817e9765614db305b99935ec5b971da6dfd41354e9b;2017-02-10;10;2;2017;1
edd0c60a2137c008cfa6259e1a0d5a50dc7de595f8b466e1fb6a7c7c50034f9e;2018-09-08;8;9;2018;3
0ae674a938a63e0a2e5d7df560f3ab7b4d38b945660c0160b528b14fda09b67e;2019-02-17;17;2;2019;1
346519dee4fc8b1668e97670e5b50ecfa7687358b013686d4f97719a3a49a6d9;2018-10-03;3;10;2018;4
93a89abb126847431ec41c8a4d8e76111e3ac551e3c75642458f55ba6ffddda6;2018-07-22;22;7;2018;3
171241168372e4ab4f4a9cabbaeb19ccc2c22b25f58137c6e895ef9fb5a66d53;2018-04-21;21;4;2018;2
52e7eb06b78e8e91976388fec5d0b2dfa1ba90aab0ddbf0ecc5deea796d13d51;2017-11-08;8;11;2017;4
a8ee07579d712bea92bb75a46cbe8bfca72afee98a26855b547465b278c418e5;2018-11-24;24;11;2018;4
f83d9e5300e831e660bd8b6bc2bc9952b593ac8fbb5ecb55764aefb71d82eb52;2018-03-11;11;3;2018;1
fde376ba255d7678e6bf39e43369157227e0302710d0e28acbbe6a28aa108783;2018-10-15;15;10;2018;4
926fa33bafed0e6a4d1ea9fa80f5ed6d2c5fe1cf1f23db1af7c9c183acc70f48;2018-01-28;28;1;2018;1
410c49de33c090a3d83310fab231d4c59bddf181c823c2afb52813f450e0f95c;2017-03-31;31;3;2017;1
e79d592515f035fef9e41df7d1ea5d5c012319ef4e594083e3bb4ec1ad0c6b9d;2017-04-05;5;4;2017;2
304548851165751e48e2d4f881611b53109beda6bea470f713ac02912289a1a6;2017-08-02;2;8;2017;3
b35adffe01eda9bf5b55024e2ebb252a23c8de124045726bc2ed192ced6108a1;2018-12-15;15;12;2018;4
cf146eb55e10ab9f418fee070a678933c83e5cbf8e30a447c33a10bfea460adb;2018-04-14;14;4;2018;2
db458f96148898917d46e38ef91d8ccc4469ddadd967f00275116232c9282c79;2018-05-09;9;5;2018;2
601895ae5c89000acc4ea3fb2c84bc4c8ba53bbae831399e4a247f4b9dfe059a;2018-02-25;25;2;2018;1
3632aaff0986c5030fa27c6a32744f6a4e1a281a42e69c4613f63dd22e99b245;2018-07-18;18;7;2018;3
da752722856a1a82781d854f2419d3f37d22acfc58b88458272186240649a6aa;2018-11-04;4;11;2018;4
f99ca07ad3c14696e26a39f0eadb459a59acc4227e41abe3c0273a542971ec9c;2018-12-17;17;12;2018;4
3d07f8a7fec45d6b3e989b359cad0df096ba6680b8520720c2d954f3b096fdc7;2018-09-16;16;9;2018;3
753da4219a3ee5918ea4c3551962bbb405535573e610eda51cb0729179387cb3;2017-04-13;13;4;2017;2
a895271cca897bb05911a846e2c435821fd48ada112b9d6a8960ecfb79aad9dc;2018-04-29;29;4;2018;2
ec9bdb0f124dd1b5b94d6fe6b1ab9a74119249730a398a8f9328b43cc79872e9;2018-07-31;31;7;2018;3
74ba6cbd85f375393e6b0f4e91265dd022e0d411cb04b845bc0f36fdb79be4b0;2017-10-05;5;10;2017;4
f211b89b774ba9d6c5b9c834b8d1df19c2436baf183530c96f2360cd34a364f5;2018-01-22;22;1;2018;1
fb8714b8e0ef1ea6c043afe580f1136a878fc6be83e29d5010d0d2ee494b573d;2017-09-08;8;9;2017;3
c4e7e60bd9c376c3aa750d85d41269c081ea90ad20a04538f4eca2205f28dbb3;2019-02-11;11;2;2019;1
fa511a6602a5b761e0f8e4b83ecae0757e24ae1dfec1223f4ee481171754ae32;2018-02-18;18;2;2018;1
8ca287d195199cccbc2d707ef76ceb2fc26f56f651b21f39f7013e943e5e1d70;2018-02-27;27;2;2018;1
063936a1d760753b4e2dbccd0c901d0ae7e8a040141542bb7bcf0d76c125f535;2017-06-18;18;6;2017;2
715274fb20f9a1cb59bffc5b3c751c7b4fa2711dedfb0358c985eec922ba7fb2;2018-11-10;10;11;2018;4
0b415187b81375eb50c639991f3a55ff1231529394a8294a8aa7b08671739c97;2018-12-31;31;12;2018;4
0cf41a4c3e57571cccb59dad5b1a03f16ef8c08876b00212a142fe1cc70231de;2017-02-17;17;2;2017;1
806cbf27d32b0b4e948a15fb31960ba5a2dcf7e1834af6732bdc7d57961dadb2;2018-09-19;19;9;2018;3
6690d1aad7b104429c1288026d59053416f4ef113470c17dc7dbd96d995085a7;2018-10-06;6;10;2018;4
6a5fc8d13650c315d6e76c7942ea7a17b4e9dd72b9674276e517c1f8d4e4d099;2017-12-14;14;12;2017;4
7acdf04d90f71c36339cbb0c154df60da744bf1e2084ecc82280ca23f224dbb4;2018-11-14;14;11;2018;4
c8dfd769b4dd3e9297bbfb32c78ecdf30697ebb4749940eecbbcaac7a4eba918;2017-03-08;8;3;2017;1
c566b87e18491d0e2dfd8070e2be0a0ed8cefe1d7f1b2e138c960b12227c95ab;2018-04-28;28;4;2018;2
802f1d2d07caf5daab8d8f92f58291a5086e4227cfe6edbaa4cc7ab3d193754a;2018-12-04;4;12;2018;4
f23116f43c711ffa602f438a9d17af2826b338702f80f926e38725b93d67a925;2017-07-28;28;7;2017;3
6187ca84b315f8d759df1f8fa55697ee4ffc9e58dc82ca6dfcdffaa28be13090;2018-09-25;25;9;2018;3
c4e817c0ef088e1c423b708df444a456b8a8cfd60bfdb9325c516ad63aeb820f;2017-12-07;7;12;2017;4
4ca9469904e0681328afb9363c753ca8d6d499586433753c07b710ac943a868b;2018-08-13;13;8;2018;3
45bd823ef4dc59f21782ba029438e685ee57690b60d51978f525303c8c6c7091;2018-01-17;17;1;2018;1
4677c0deed8488410bdab3d133ca57ef9a8654da8faf230ee04b26ef6c06b048;2018-04-11;11;4;2018;2
905203dc1658d3ba348e4faf9476d688c8f54c36131bb55a7bf49f86bda9de9c;2017-07-13;13;7;2017;3
e74e4f240fbf0677d8e5ccef581b09caa17b70b4f94140ee2c5fb51898c8c89b;2017-10-01;1;10;2017;4
4f10168dec7143ece9356feb6dbb37a35327f4e24a42c8d746c9d03819198f20;2017-12-28;28;12;2017;4
6829493efc464d1f9a7b2923172865b037af1bed44ebbf75eaed1dd10a2c11e8;2018-01-06;6;1;2018;1
eb6dd2ad795922c483512ff1f09ec4dac188167502415e8fa1b00130ef8f01f9;2017-02-11;11;2;2017;1
c2238816f19d22d482afe78f846a52a6749534da56756691f901078a30964143;2017-06-28;28;6;2017;2
84127af38a45cd95aff872915730f4b56939f58947c9f2d5c340509b2c0ed2bc;2017-02-22;22;2;2017;1
0330e1a001e673ef42ad77b3b967707d09d0a961623fcd123ed010d7e640e97a;2018-04-16;16;4;2018;2
358c05295b66ef3a41ef80ee0d4ebfa52bea63b2e5fea075aaf058f47757d171;2018-08-19;19;8;2018;3
4d5a67942a542e8068973db7a562454bb4621bdab6ee5f7f2e7426805ca7e3cf;2018-05-13;13;5;2018;2
4deadf7d77aa1576323b8f8acf57f48f53d62347a6f8f9c4efb50899f248d3a3;2017-05-25;25;5;2017;2
dcaeb407734cb33da8225e756b37c4eb4dac06df6985ba66ed8b35f3dd2c6333;2018-11-18;18;11;2018;4
97619f9859b84b2a6024cd6ea6d5aabdc5d32bf79a56587b08070ac1e3dd001e;2018-12-30;30;12;2018;4
564b0c1fba57ec03cc2086e3c0e835ed2f5cf7e4e352075b9748858f75390dc1;2019-02-03;3;2;2019;1
061a55287da04dab7b04fa6e0ca4e73128de92d4c88c5f23b40e843a0d1ab597;2018-02-08;8;2;2018;1
0e1ddd3872b5bfe02591e0acaf9d2fd53d12d0a3412dff43eb5f013a69720bf9;2017-05-13;13;5;2017;2
f1739b4f4eeccf6840c09a470131457c435cf227f3a03f0312c37c4713105067;2017-06-17;17;6;2017;2
839ff2ba8ef72b7fc80f576fee20807914edfd2a033aefdeb37c13385ac3cedd;2017-10-19;19;10;2017;4
fd171b32e2f310d885e3de8b2b948667f9480bbb561107ed58c030e5b68f7b6d;2017-01-19;19;1;2017;1
8fcfe53ddfece431d61b5ec31ad8e92e402f08f808fd721effaac6fc6a85b408;2017-04-20;20;4;2017;2
568e1a5fcef072dd80592178f1e76ddbbc2c35b393d42497e9c62243cf68dd63;2018-06-06;6;6;2018;2
95c76947dc397aa2bc1f22eecd1ae647d37a37527247c3ae6cd05929085d12c0;2018-09-10;10;9;2018;3
b3aaf25e416d7dadef39acac9ac70dfb1ac1d126bc86c8826fefc1db33f2732a;2018-07-07;7;7;2018;3
1c2830b6895df30db44673d1c3ccb4f6f980de4148e4a7b2230b5aa2b3898d26;2018-01-05;5;1;2018;1
e8bf62824c3f64cbd10ffac0b002746fb404f333d07aa62bc04a4005e907390b;2018-05-06;6;5;2018;2
0b188a23a5b830d597871d170f79ca30a59a0e843224033d43722d340ff01ccc;2018-06-05;5;6;2018;2
b996a4190188f662d5ebd464d06475c63c7375c1191315d340227cd4a718ccb2;2017-10-22;22;10;2017;4
1352b397ebea03b0c30134b6413788474fa86b9767b7ac822d24e8a3295150cf;2019-02-28;28;2;2019;1
8c9187fb7f23bc898b9d237d76de8d3c088693e6333e0d5d124f8bef0d79c38f;2018-06-16;16;6;2018;2
01def810457b5bbc514229db331a62c2c15f44c766c16dc064e2b34bcb1a9c2e;2018-06-27;27;6;2018;2
7d575f0446f235605585da5085ccbbe06d880ff1510dadaa9a9b46c9d6f21968;2018-11-05;5;11;2018;4
9365f9dd42ca5249b49f254c11ced3919e036ae76cf3ee17366a06852271b5d6;2018-02-13;13;2;2018;1
399fe95aa1b749bf71d06a9f0966d193e31c45c0147479ed5654140f09de41d1;2019-03-17;17;3;2019;1
022b1a1919e45c5768bf05f658b476815b9440495dc8293ba8ea097ae42363df;2018-03-04;4;3;2018;1
e11f48b074a34bab313f9fa76eb1518b3e6f2db0705c1a8314140f40d79eb92d;2017-08-06;6;8;2017;3
eab52fb94d9335a23bc9ac263c4689808f05e2d85fd294d5e5e80ef946278c36;2017-05-12;12;5;2017;2
9f667df5c9ee042d62d831f7059da8120d1ed9d1b9943b96eb03b431c16db891;2018-01-11;11;1;2018;1
f3052bf0eaddb8a9b8e562a8e5ecbb759bdff1e138095555a08ebced076bcaeb;2017-02-24;24;2;2017;1
fa4123816390144493bd6c8b9db9a4a7339a59706d169397855691f199323024;2018-08-01;1;8;2018;3
fbf859e115cd4073f47924708a0a317af2dc2634762d802816c74a8f779c5fdd;2018-12-02;2;12;2018;4
1d3b893663a7800ba075b36508b9f8f1b2fce91f2142f75d484b08de9bceaf26;2018-04-23;23;4;2018;2
c5ca77a935c364c4fb426e88c9e21e19d0447c8e1702056860414eaf174b8346;2017-01-28;28;1;2017;1
3ec4ec46a8f2c4d0b068a74ec226af6e335115dc190a06eb17f0a2a8a26536fe;2017-06-24;24;6;2017;2
b3fa0440fa9115dceae1fa18f6f75c6a034334a784dc84077eec1e42f8d1de6f;2017-06-23;23;6;2017;2
5e4929797b87ec762d0caeadf4f2f3a724cc4750e91750041ce6efeabdfa94af;2017-06-29;29;6;2017;2
f8f5de086c95ce93e318f81f7a44823addcf8d38d9bf15a47fc76aa95ecb6781;2017-10-26;26;10;2017;4
48c5061fe71cdf78a69ac459ff02ba5768c2828519d6b7d503ca2e466fc85837;2018-03-14;14;3;2018;1
1977a73cde9f400d22f274ed61a4a65ac61167a1c0663a44bba69753ad3a6a8a;2017-07-07;7;7;2017;3
8d4864c65e96de479f201ff4950b05adccc4a6539741d021cfc9e53bc715ad89;2018-12-01;1;12;2018;4
5e182af28c2858f7ef972f4fd4ea3e100153615f5f33b3f3c8d8f7bb1076f020;2017-02-04;4;2;2017;1
e85abd5b293662adb598ce33806568f372d707f53ca172a23196bcc78ab50cc2;2017-06-19;19;6;2017;2
75619cd5ebe8b1c0201ac03ded9c80a88c7b4c2b9bf93f3f899d71f4385e0cd6;2017-08-23;23;8;2017;3
805ef9fb0ce2fd223aeff66988465e7ea53774cbb8325bb60172f30b2812c68a;2018-12-03;3;12;2018;4
693e916fa94c98eee1abb8da2eeeaee5fe632de30d632f2557bf7a5d08d43f57;2019-03-13;13;3;2019;1
1301976f5913644c85dc3fa691a9ecd1ea0352e0c10db2f0ce94b7d9e5ac99fe;2018-02-26;26;2;2018;1
88edda9efe514bcf58b638efb8954381ba509152efc861f85d5ea2f287be334d;2019-01-08;8;1;2019;1
6a0791ba0460b8e3e59c66e72122fc134e519b1eff17e1c5a45132d4c328a114;2018-05-27;27;5;2018;2
b285727efb352ccbc152b85e074d906aeb9a2e1f19416ffba6c6ce006000a67e;2017-09-15;15;9;2017;3
636ab479364d00d9088654762378f9668065a3cfd52c575ae43300582c731735;2018-10-23;23;10;2018;4
5d9931c5335db934e144b357d33ac9685f9b83855fcb28e43dca70b7e5749a5b;2018-11-26;26;11;2018;4
6e393515ac25bf63f8222328672a5d4dd208b354ee3c15374d184c66a76aef58;2019-01-24;24;1;2019;1
8e4763575aa58d0623bf371c2e6824796a012f9dc421bd32c95a56e415174d8c;2018-11-13;13;11;2018;4
86d77f8dfc22c6ff2745684be1860c18b568451b4f5cf2a0681a0155c31d943f;2018-08-22;22;8;2018;3
53f2930a670cecd27ede496db5354cfb8df7183c631ed2a93c2e44b5cdbce97d;2018-07-17;17;7;2018;3
4154f411e399aec8da6e75511d65a3da2e894e10a4f66c692fe0e86ca9ab689d;2017-03-23;23;3;2017;1
8333d05ca5ac0d0e0d102e788e8f8fb94a6cf0dc0f6c026bbe92ce20479d1e3a;2017-07-29;29;7;2017;3
ff324a07c7e576dc0b2a9feacb472f11a2ea2da9fe5638635acb6f91c1580b60;2018-08-05;5;8;2018;3
f37f04d8f831d45b0ac3e7c45169b0d2e97b2502c7e1180f8f6164d952c1a1a9;2017-09-09;9;9;2017;3
14d366178666e5f5201a797149fb7578f16be9833d2e474c10da51355cc5f2e3;2018-01-23;23;1;2018;1
570599149ef704143fcc75eb6f7b84549764a05344cd860d5a47886b94028184;2018-12-19;19;12;2018;4
0583dae4791ed17510e14c90b47c36a8c50ecb83c982194dc8f2729762c5ca70;2017-01-20;20;1;2017;1
1e679cf469bfcf08fd8e1931ffba75c952d5470223250a137c39efba80b89600;2017-02-23;23;2;2017;1
3fe54b041c302ffac9d1e3e3075a2058ac5db348464df68667d466331d3c1510;2018-03-06;6;3;2018;1
d528d80bf3f1edb34455cd27ef8cc0871e9eed9a0286c6821ecf5aed3a97832a;2018-05-15;15;5;2018;2
e9259da7ce0602e67b41ffde6d05dd06460081996dbf522b9e4c47b6e1164948;2017-08-13;13;8;2017;3
1b353aae8efdb8c588d6133a901360472ce399c3a3fff873884f72ec71242a82;2018-12-05;5;12;2018;4
99745d96909a81aa8a34d757285b73a555998df25b981b759b9802d6c636fc0a;2018-06-30;30;6;2018;2
87e155838379c813f8481b2cd8d5dfec171f575aecdd79ca1d89c40fa3bbf127;2018-03-21;21;3;2018;1
17119465a2e1f3b3875f25bf792f13ca7732cd621c1cba259db90957208925c0;2019-01-10;10;1;2019;1
76ac30a7b13499c0e91b6e22c5a6e351df5322ed0bc3800941180f84bcca3bd3;2019-02-27;27;2;2019;1
afc1288d04cb8661b10e7f013a13057aea427d7d2d01543f85793c9ec6af78b7;2018-11-27;27;11;2018;4
c63e00306ddd22837ad3ea2bd8d66a38e5da5e21cae2f1660bfb7802a9131ee7;2019-02-18;18;2;2019;1
c98dad2d1b941348473627fbaf2ef38d9e64974c87df11dce7a3ea144ebdb6d3;2018-02-22;22;2;2018;1
b2ad702d594497dc911b23c7180da26b10898a4ea3952b9781ad5c7d001ce6eb;2017-03-24;24;3;2017;1
120ac2ad0bcc4d28d0fddf9cd791f8bb331aac3bcd857f3b6ce12bee3b67e773;2018-04-09;9;4;2018;2
e7b8de8e141cdc4947a523ea1f6b4cc6f2cad3063b6f3950aec36c7d16d2d730;2017-06-15;15;6;2017;2
79bdec23fd39fc0079575e516bde9aebc857fa8c4c7ce84fb3c659e033bc1ac4;2017-08-19;19;8;2017;3
8bd332c6ad27e1b2b1bf27143e209da1a511377f51e7cd82fd13720573e91dea;2017-10-06;6;10;2017;4
6eed72da7f4790c9c3362fed571e5576b843ee5ebb589a10c78300420e6bb755;2018-11-03;3;11;2018;4
cb850d16b7bb1aed455db144e674f1197aa145891a2492130f439f478109e22a;2019-03-10;10;3;2019;1
6f9d2d0db0a79ac625ee27f1ab4faad89fcc2469e62b372599541b00f24dec91;2018-07-08;8;7;2018;3
f3173141ab53e77ca08f84a7cdc8721dd5b391c8ac5d1ee52bffc8a6bdabdae5;2017-05-28;28;5;2017;2
c3410e380fe1a71ec8438bb6353b2c350b17461ad4605b7b617bcb43a286feeb;2017-09-29;29;9;2017;3
651ce822d9e6157690a400e4fa7d61cbc57fd7f113191dc2484b1a6006f32ae3;2017-09-30;30;9;2017;3
388902d1b86c9c58e9951df5956049fb1c684973fdce44ff305770f44034307c;2019-02-21;21;2;2019;1
2a8090b3b418e281189140931ad32692bd8e6bd7eb4c9adc9de42a659807fc06;2017-06-10;10;6;2017;2
a24a2cbdeff95d6eae2b2a5b09988f855e6f1e6e5bd2fd60a66638fea18277c0;2017-10-25;25;10;2017;4
b419bfde71b8be5bdd8f54dd8ee93b420e84e92f78800dd3a459e63ee61f136d;2019-03-21;21;3;2019;1
ba85ceb502bd020bf1f51cf407fa8b51623bea98442f8828f31e7ce46b96e01e;2018-05-16;16;5;2018;2
024df56159b4c3194468b122a7c76477130422d7bdc291eda9e83f06a014e4a2;2017-07-22;22;7;2017;3
2a064004e2fa69d25b6f30c08aa1b29743f26ff7ff0003acddc67d0df25655d1;2017-08-18;18;8;2017;3
b629976c7aaad954a4c21b01995c1cea0ce9aa558d7e9bc47c3815e4aa4baf58;2018-05-21;21;5;2018;2
bea311f913bc6dd07f943f25191a63480b4c2aee6ab1ebc1b5b8aa057f0b4a87;2018-05-08;8;5;2018;2
16c0a09ca7414e7462cc6dbd238d8a3482117090157f99f714b32565038389a1;2017-10-08;8;10;2017;4
3a3a2bfc8f079f6d91b93485ff5aa6a8bac5002accbc5acaf98ef64e34371f67;2017-12-30;30;12;2017;4
c1ace80dfb6e64ed0d2f0f49b80eac8de42761be126d82a5e786ac5e1d3bcd4d;2019-01-02;2;1;2019;1
79185e63a7c50c6bf961ce448c3fc2f98c9b1a910e2679f2cbc72f2251360969;2019-02-07;7;2;2019;1
357ba4cbccb15362de6a693feaea2142d9f872f5a07804f8c04ad210dde2e99f;2018-01-16;16;1;2018;1
937fd134eb156e5838c7a30b07fd0ec4656d5de150b549ece15e5c36f66567e6;2018-03-12;12;3;2018;1
cf113efe03a04a7efd0d42364eadcc06cafe2138cd62cc9daafcdc3dcce1ca0b;2018-09-02;2;9;2018;3
5e86457ca7b32680d08e71e6b666bf352059f33aa228a36f2273551c148b9a69;2018-10-27;27;10;2018;4
e6e7652cf1d7c09bb50f3e58b169a7c80a46381b3210c736e92f5fbbb1259898;2017-09-22;22;9;2017;3
a415198fe2f1b99e07ef9be82a6166c8b509012b127540ce0fc09138de8f12f2;2017-10-12;12;10;2017;4
b8247ba13ae221ff3472760bad4ea6d9d12e6b70591e8187944f3f90ec1308d4;2017-01-22;22;1;2017;1
1774d6214cb791bcf5389c0511badab88b2d05bf0aebdc775117083fb1fc1c9a;2017-03-09;9;3;2017;1
6be066956f0cfb8a1d25d24f4f749e2fb696bcde2393d8025624721b93d12dbb;2018-04-08;8;4;2018;2
66c054f00aa55d6b49d99c6271d93d5b9802753c09e70c456fc1612b7f4e6c43;2017-05-20;20;5;2017;2
ef1d7478327d7ca93599d2722e6d735dfcc72a2378956980d686c929a9776172;2017-09-16;16;9;2017;3
47874c62d530dcfff0542dd9604eab5b52e737e2dc430e22f55c24bf19f82eb0;2017-12-23;23;12;2017;4
