PK_CLIENTES;customer_key;customer;customer_type;phone;line_of_business
186335673e62337c4ef8224fb66e698fc2498eb42a01d3d0c3f432f9dd7b18c0;10009639;Data Supermarket;G1;816-455-8733;M1
f7955b9e17e1a7017b09c88b385d2f9e8900543bdfccf1a0972f8c0dd992b40e;10022725;Razorfish Shop;G2;816-455-8733;Não informado
965481eb36c2a9cc82471bced5def362f54bf8f4aa2fde6a2a6ca610a8f88595;10024010;Screaming Market;G2;816-455-8733;Não informado
64ee46bde150ebe5fd71c217cbe45f62759158063b95b41f29fc77e45e02b096;10000472;Aaron Store;G2;816-455-8733;Não informado
a4447aab2fda54869dd8dbe218dff7daff6b013f2c3645ff24c562d264b6a538;10004516;Besicorp Shop;G1;816-455-8733;M1
ff802ce691b90b491ce4d234f31b537bce1c0f2bc40978e2bd050ad1c6e5a951;10014739;Haz-Mat Store;G2;816-455-8733;Não informado
393a12682f0c6d05489f4530117632aeeb299e829ca5c630bde3a7b2dcf2a45c;10025300;U.S. Market;G2;816-455-8733;Não informado
bafa9f75bc684a8c77d2b717c2bc21fb6fe58644a0fb32d2dde063e8ecf09db6;10007117;Bre-X Shop;G1;816-455-8733;M1
08dd9f6fcdc66bcd74da2eab182f065012ff70bc827f1460d1edcd4c001949d1;10022166;QualityLogic Shop;G2;816-455-8733;Não informado
9468b87605828ba5755dbd6ee070d771ba76590740ea75c7260b80715757248f;10020256;Maxtor Shop;G2;816-455-8733;Não informado
08338ec040f7222c6fa37366ab3fec62fc5e237452406e3aa60e0ad8dfe9f5b6;10023524;Salias Gigaplace;G2;816-455-8733;Não informado
7d5ad9da0d087a9367df88e7d266dff535c6bb980a0ed45ce90e5d0269a226b5;10002506;ActionWorld Shop;G2;816-455-8733;Não informado
3a56028a53c46d8f15df96cb966d0fafa634b5d88f8c864a0b88f53cf4fff7e0;10018871;Karsings;G2;816-455-8733;Não informado
57a8b7dc2e523eee40f179432703a35f2a777da034b140ff02e55aa159242f77;10023511;Sage Supermarket;G1;816-455-8733;Não informado
ed049ace453c8c02647362c53bf68f4b23d009250124af4465ded67dd55344c7;10004255;Bendix Store;G1;816-455-8733;M1
c011667acbb4d798f8a182eae1ac0da198f44f9f480775334243affacfb142cd;10020193;Maui Store;G2;816-455-8733;Não informado
ef3f1c72137741158e8e577f6c9f7f02ed8b16160f0f3a1fb9c47dc5464df5dd;10021286;PagePoint Shop;G2;816-455-8733;Não informado
fe3c0b22620acf01157843d34f65a8d8440d0a90215f4d1f6fe98d609088267d;10009662;De Store;G2;816-455-8733;Não informado
37e81579ea287dc05087c73045bcd440a70183f485f05bb7c052ea2a7211172d;10026081;Ventana Maxistore;G1;816-455-8733;Não informado
55582abb72594f783c883291b25bd9adb7d2ad2f4d7831af5cf9031a92c094e6;10027050;Your Market;G2;816-455-8733;Não informado
fef09e7506c301331548e0f989dd523752310e61cbbf34f593fb82bca82af9e2;10022978;Relcom Shop;G2;816-455-8733;Não informado
7d2441074597eeb907f341301f39c90f40947d57fb3c583ef8aa4406a438ab63;10010935;Edna Megaplace;G2;816-455-8733;Não informado
99a3a8b3127957f63e08203ba8500ef164f37de2f0ba8052f4d48273d2921ed3;10025032;Talkland Shop;G1;816-455-8733;M1
00b76c3bfabb284ba6037bdf6a763f3867ea3b02e19886e0196cc72e87cdd424;10024704;Sterling Store;G2;816-455-8733;Não informado
20bd0f6faefba1e0688402973a4cb39b2a625bd2633084c46f72b18f5949d2dc;10009652;Dci Shop;G3;816-455-8733;Não informado
8d58ae68614b387f0d51e4c416565d21271f18d69d3b02b342ae6290e290676b;10006846;Bizmarts Shop;G2;816-455-8733;Não informado
a2515295bc1ed10bd19367d40922e2754e6d381ad5885899e1d53913ca5fdbfe;10021239;PADL Shop;G2;816-455-8733;Não informado
eed96c494831301bc8e7ed36bb04c1b90babbc2642b64a2ea4851e05934ffd9a;10016588;Bounds Megaplace;G2;816-455-8733;M1
e6f2d9773b1c85f9ff1817adc6ea2fca9ab70b969b18075445e568abd4532409;10023447;RKS Shop;G2;816-455-8733;M1
cb099d93fbcf804ce6fe44b3640d169fb2c79cdc9aba1ce0cf77a2494cd45aa6;10026023;VEI Shop;G2;816-455-8733;Não informado
b89b00173ca3228f034d3e094ba73bf353dbe5f731e44878af3295218ff95082;10014469;Harte-Hanks Market;G2;816-455-8733;Não informado
57532dcd4736fb7c3dc768ee93fe061687d97d73321d3d7e82671968bae00b58;10000460;Meals Market;G2;816-455-8733;Não informado
a5fea0d82c2455f59ae4ecb2d60d21f1222cc9c7e26741f454c8c1fd7b865759;10026861;Xyplex Shop;G2;816-455-8733;Não informado
9a826de653a643c73323c31c4a72dad4c0b86283798d7be98da0b4ec18d7b045;10022730;RC Shop;G2;816-455-8733;Não informado
6e262bf3368289d403ab33245c9d87262819daccbf687d4b014be32d344f6c85;10021911;Ping Shop;G2;816-455-8733;M1
25cede872b29e25d58350633f74ecf07395d23f62b27f6bee26a8e819e269c64;10022755;Real Supermarket;G1;816-455-8733;M1
e37e7f91168b33d03370dcaf7dbc33f49ad59c17dfffb2468cc4ef32776787ef;10019678;Laker Market;G2;816-455-8733;Não informado
8b470ee516316a1459542d0eae2548a700c7a77528f5f04a4b45f3d4ee6d765b;10021936;Pink Supermarket;G2;816-455-8733;Não informado
e84209334d71d6ed5e429f6a2818c2af2e1753d31ec2ff1a994b1ca0724f85f5;10021145;Pacel Shop;G2;816-455-8733;Não informado
4ef52a9bc3843a9ab67aa4039fc9ff340f4fef033eef50fc26488a85a1ddda37;10022168;QualServe Shop;G2;816-455-8733;Não informado
f6127ebd7cea92bd10de7e5f9c1d2caa505d55dee696345513bb4becfef3a69f;10014546;Hauppauge Supermarket;G2;816-455-8733;Não informado
88284774736a4a7bf732fe519601bcd7ebd3874ab10bc6f991a2e893893b7fb2;10021203;Pacific Market;G2;816-455-8733;Não informado
1bd50b11da15c54dbb21250c9629c3aa8c9de16aad405cd683bee9391e9b922e;10002220;ACRON Shop;G3;816-455-8733;Não informado
c8f6d67580c2b58801c0fe4293bbd6510c86769d558ac9345d7faa79590bd215;10013252;Gate Shop;G2;816-455-8733;Não informado
74bdd0bec47261dfe4b15e26798cd4425245bf34b006a9e8013e79bfd90d10e6;10011018;Eloi Supermarket;G2;816-455-8733;Não informado
8d77b6efcbfdbabf89b572b30e09ad67e22e2bed1523cd8f3ea9ab29a8e89d29;10013899;Grumman Market;G2;816-455-8733;Não informado
5eb76a6d6beaabd1853233551fa69e995adfb8b3e0a9ac29e7f70868ad1a2725;10002520;ActivCard Shop;G1;816-455-8733;M1
b8e02a7209035d600e56d2e2dbef391ea67a22469c5aa545ffac76798a0fd537;10000462;a2i Shop;G2;816-455-8733;Não informado
9109cba83638e6e6eb8a7e26d744e721cf8756c463df5430310407300c405947;10022431;R&J Shop;G2;816-455-8733;Não informado
6d950eb27e1899c244bfb344a541bc16eee9c6d8d696291a1737d40f939880a2;10012422;Finishing Shop;G2;816-455-8733;Não informado
531394d9cca2da4a1154bcc3f09bd33f1465145d24a85f97930b159cc97eab19;10010717;East Shop;G2;816-455-8733;Não informado
1583e38f779f0f8f5e2f27bce5b21dc85fefa787a5e1d027f0a92421a9b8c3a7;10025549;UNIS Supermarket;G2;816-455-8733;Não informado
10edfaed4e3aa1e29d271a0a49165720c2417521907d625c7b6fa998d5ba3794;10000456;A&B Shop;G3;816-455-8733;Não informado
04c3b8bf07549b8d39d9ce7f6bde4de1c24be53d0a2cc18c742b94352815f7e3;10005919;Big Store;G2;816-455-8733;Não informado
c5a85103438b3650e8a2fa9616408f7a147fb8774167430f177b8b46bc13a253;10022167;Quallaby Megaplace;G1;816-455-8733;M1
7c4304f79afc6ed2148be888d7b25688156841520be83d17fc34959403e3f7ef;10000474;A-ARVIN Store;G2;816-455-8733;Não informado
fb97b684671f1d445f0a576c16c030c75dba0945b08436bb88518e5be8af7b2b;10012425;Fins Shop;G2;816-455-8733;Não informado
c06d44da534e97f8a92b593a6d5ce669063f1e982de922fad9b0c35524aaca0e;10005688;Bien Supermarket;G2;816-455-8733;Não informado
3b8c47274450e897bd78f065a9a9748fc6fbb1ed74c739d0a0878528cf111ebb;10025285;Transalta Store;G2;816-455-8733;Não informado
e67d0da091e69861c320b3877f748d511f8d29008f6041918c5d887ee2b7e4f4;10012761;G.R. Supermarket;G1;816-455-8733;M1
fd2614737256d9f5a49f98ead175d246f3484ce4336efd337636bcabd70e49c4;10013472;GE Market;G2;816-455-8733;Não informado
fa89c4413a26ace797d373aa4307701d4ed3289eeb07db96f0789598d33b960a;10021179;Pacific Store;G2;816-455-8733;Não informado
9f1b51c91eda1b4b0a53e4b7e8bf5d2c0be98ae468d8d081fe0d8de30a107e33;10020446;NACSCORP Shop;G2;816-455-8733;Não informado
c52c1fbc01d293ff04333e01bff1f21f48eecc64ffda73af24e95b850ba64291;10002489;ACT Supermarket;G2;816-455-8733;Não informado
540f19bf8345f95604b7288d312306417071c011230e33c93870c6ca479d6277;10027370;Zeroo Gigastore;G1;816-455-8733;M1
84ed365c56d10ca0927263ee3c3d8c2697c1548380fec2f800555cdbbeaac18b;10020962;Output Supermarket;G2;816-455-8733;Não informado
afd4dc4e6692726ac732104d5a2b35408a77506d4b7bf5ca1998834292c42e75;10024524;Southam Supermarket;G2;816-455-8733;Não informado
6318b395e614bbce06cb1892a391419fe4aec82927c554e333443abfe60eff52;10002114;Accel Supermarket;G2;816-455-8733;Não informado
3f48c88c0791630ad9eccb3857435f730b22ca39139604eff2320e8a8d72b0c9;10025022;Take Supermarket;G1;816-455-8733;M1
c78e20cd6bb0f3dc8181123db52dd627d2d331b47a0a867d028bf8bb0df1cc4c;10019900;LiveWire Supermarket;G2;816-455-8733;Não informado
e88889945806429954a39c44304c162488f364dfc5662b52d9b7d977a4cf9837;10002526;Active Shop;G1;816-455-8733;M1
bb0487ba97df041005783ccc8ad39ef290a9d8e590ac4fb1d5abec9176984802;10025571;Unitec Maxistore;G2;816-455-8733;Não informado
7fac53e909e06b0bd7c40dcb31acaabbd11c71f34d17dcd886827fb97e983660;10020184;Matradi Megastore;G2;816-455-8733;Não informado
158f0f35d840b651e87809d84b9ba29b1e62d437317de5340cac943cf7b49d2f;10020982;Outsource Store;G2;816-455-8733;Não informado
9d70a66a4a9e98f0d08f73327b1a5358adebe1d0377abd61eb0959b4268b5aea;10000601;Radio Market;G2;816-455-8733;Não informado
8e45b6b211259de9a28f83bd5f92233635880b8045018d8877b1f63eed47b41d;10016564;Home Market;G2;816-455-8733;Não informado
e83e2e0810d40d4d15ae217f49bd516d97cc9b242e1fbc8eb79d02fa895548d2;10018580;K Supermarket;G2;816-455-8733;Não informado
fa2c51075aba99cfff6392a4d065d85a5799ad0bc20e12c7ac3813839efe3ec8;10025241;TeamStore;G1;816-455-8733;Não informado
56767f53d74693b305bb480a347cec16c5ad1d9844ea07c2c4ca90ac85c2a7d2;10008638;CAPTA Shop;G2;816-455-8733;Não informado
a6e216db398b20b023e8f242273a108913a607767d6eb406e8adcd55dfb6dc62;10021222;Pacifico's;G2;816-455-8733;Não informado
68b3978ac4fa37018febb19133658095d825a7950534638caf4a6faa25fc3afb;10018665;Kaim Supermarket;G2;816-455-8733;M1
ce94c9896d78edb349ecf566583fdcb63f6036eac97abe271a15204ab79254d7;10025392;Ultimate Supermarket;G2;816-455-8733;Não informado
e6eb2ecdd6ec7b87d52f657f7d939d6d2fc927eccd5f69a6b9cefbc34f99aa7d;10023759;SASCO Store;G2;816-455-8733;Não informado
196b14236afb151e9b2a4ff613e51ee18e7b2c998156c54a8c19eca34677d73d;10013341;Gatierf Supermarket;G2;816-455-8733;Não informado
23353342eff7c47dcdb9ea8381aac5cc941f2601a79f78aff3dc62871fc2f998;10018603;K&K Supermarket;G1;816-455-8733;M1
089698bd6dbaa4fed10d881177ee6041cc5549b73c026376b526e6cdb2b69669;10017054;Icon Market;G2;816-455-8733;Não informado
dbcac325a84217e27c52177f8e7171d9d385dd22a2287c6d466dbde7ef004e9f;10019420;Keystroke Market;G1;816-455-8733;M1
2cb2783a3e649c2ed8f13e711ce47d4a529647ecf02f5b6aee1f2efc1fc9b721;10007253;C3 Supermarket;G2;816-455-8733;Não informado
aaf9c617d9774a8e2b56d36954cf648d19bad9ad8006f42176794d9c51a4559e;10010832;?change Store;G2;816-455-8733;Não informado
d032e78a33eb44e059d8d261d2bc0c14aaf8f0c0c7cdee16c636db3438e6ec60;10018644;Kabbalah Shop;G2;816-455-8733;M1
4a5b8b3592bd792348e64c49fd61ee21209ba1b8be7ce067ae9db137b7b1a28c;10024550;Southwire Store;G2;816-455-8733;Não informado
4be07981bd29f923e939e28178138c27417b70abf556623c35c0bfe223abc897;10024262;Signature Shop;G2;816-455-8733;Não informado
c77a06ba2487a91ee8a7d5d64913fdbd2a4206f306f325aa41127d512bd0ddfd;10013538;GEAR Shop;G2;816-455-8733;Não informado
2d28b762cdd44458cb9f7d9e34f3ed67db1f642a63b08e17b4d6b0ba1b1291dc;10016047;High Store;G2;816-455-8733;Não informado
14cb0ddeb611dcc168c83c58b4158eff4b3a8929702ff3393c61a42c70784b2a;10021668;Pathlight Market;G2;816-455-8733;Não informado
4cad510334bdf6471c12dc486d0a9a61b6aa00920db67ff79e3a5c93cb7e642b;10025251;Time Supermarket;G2;816-455-8733;Não informado
ac7e8d3ad923ec866828b3cfe3ac161520ea62b80876b135f4d1e60bb1365100;10016780;iBEAM Shop;G1;816-455-8733;M1
0d6b3a99b82e19dad8209d53c4d05501b72e2837a16aad3391d1cc6b7fba1ada;10013238;Gastown Store;G2;816-455-8733;Não informado
a08652e548c8136e1c45861763fb58b374ee18a2809d7643ba6000690891244c;10020663;Neos Gigaplace;G2;816-455-8733;Não informado
218ede1f4848b061aed4279b27b0cb298fb091bcc85442819062b85fb84657e5;10015253;Hekimian Store;G3;816-455-8733;Não informado
754ca0f3b2856c271a278d25a070bf8bdd55acb87eb39d1a34adb48b5d88cc01;10016334;Hobart Store;G2;816-455-8733;M1
9cb1a554459d8eabec99a5e398cf6687d2ee081ce3cd560509d7fd26d2986294;10007457;CalComp Shop;G3;816-455-8733;Não informado
8dda47186699e9de667b068c6248dabd2d6eb963908f93087f3c43b3c8741668;10000469;A-2-Z Supermarket;G3;816-455-8733;Não informado
86dc96e2c1563bd6060ff03f61f40c310d9e823059189f83e8291e9a923b37f4;10002144;ACCUCOMP Shop;G3;816-455-8733;Não informado
055e592697bf8316e643e9e19d6138bba2086d4e346cf3faa1f32ac7f4bc29a8;10002149;AccuLAN Shop;G2;816-455-8733;Não informado
5f8bb74d39d15e763f2c038237054c39dd461d8c16e93ed50a0a82da745c25e1;10024924;T.M. Store;G1;816-455-8733;M1
be26b464e9786e10a29710b22e39a6b2073bc46c96662985a14e41565e19e3b5;10023003;Remedy Shop;G2;816-455-8733;M1
59871f25e8da89d28c2c1505d85486b0f9cce48cf976465f6541b9688aa2f730;10020492;NBTel Shop;G2;816-455-8733;Não informado
a2bdbd7600fc5fb16c5024e8f26a90a968e4bcb07fe03c10056b2e839dcffa00;10018371;Joy Supermarket;G1;816-455-8733;M1
779815a6c4683e6c9b07a3ee204b33b43fbf2b62e8b88049ab636f21c82251f9;10026268;WarRoom Store;G3;816-455-8733;Não informado
09bdd42f19129c8c0b6666b1d4f282c32a5e20db91a7b8e6fa1eeae524b38ed9;10024477;Smith Supermarket;G1;816-455-8733;M1
6e733580c3ef8c081b4e871c60f41ef89ae547f860676ce0155a645b6ea559fd;10021204;Pacific Store;G3;816-455-8733;Não informado
04e340306fb642a8f4b1ce3d6e72f7e60271c9845878a4eaadf5f9eb2bae6ecb;10022423;Qwest Shop;G2;816-455-8733;Não informado
a41b7bcf6652154694495dd999b8a6fc4a68609785568e9e058e2483ca55d9d0;10022183;Quantex Supermarket;G2;816-455-8733;Não informado
b6ad087ccbebec3a48a23f8f2139faa6562aa7b58a13b99e57fbe65cb3104913;10025467;Underwriters Supermarket;G2;816-455-8733;Não informado
b8c4a5bba529d859ffc770b6675814fd989fe291e2122bc31d1613a08de99d25;10012851;Gailey Market;G2;816-455-8733;Não informado
d8419d0cd5875ec3ec649670bd1c55281a6e0378b08312599916ea216e5a7c18;10009631;Clearout Shop;G2;816-455-8733;Não informado
5e6b4e30e1b8c04e7bd14f1668e83c84bd811788924ffd59e255d7259bf654ef;10025769;UUmail Shop;G2;816-455-8733;Não informado
b7078ff094a1aad5e9b701e26b4055528f8233789e137cf15e6b8e0c2275d43d;10009907;Del Supermarket;G2;816-455-8733;Não informado
aa52f83ad7bdf667d62eef1d973d5122e8a426908dd17f0b1787d0512e361d03;10025583;United Market;G2;816-455-8733;Não informado
265bfe33f1784459e8c951ee2134c8a2da0b3850e514342d8b71f860ecb4d3a6;10015793;Hetrick Supermarket;G2;816-455-8733;Não informado
bbd8172b53968b911eb3ed809cdd4468a51eaee1e1f368638615138c0af213f3;10025560;Unisys Supermarket;G2;816-455-8733;M1
7d98dee971481bc0c27e4925ed1d0d10227399f77a2bcb2516bab551d4012d83;10014810;Healtheon Shop;G2;816-455-8733;Não informado
ab8a412776fca8bb51d011f736966d70863580e267a13b64a5329302d369f110;10002412;Acsior Shop;G1;816-455-8733;M1
a5175dc2d1614a927504647f1f9b16a254b4e87f4ca1519ff66371a28c9f3dca;10002137;Accidental Shop;G2;816-455-8733;Não informado
ff911e0229f295e9344703a2e14dba203d811d5ce9c00cca46b2c9a4702e51f2;10006916;Boott Store;G2;816-455-8733;Não informado
6895d680867232054648bd9f6d2d835c8f673cd93f04f3ff783dd263a1858adc;10000471;Aadast Shop;G1;816-455-8733;M1
b8c2c1e1b9ca55f32ca74363141174393693fba9f9d857d3778c8f320ee81063;10005006;Betacorp Shop;G2;816-455-8733;Não informado
a42b4b488bc97dfebd11ff451d857295ea96c729ae51b58a87f4f2eba6da76fb;10002136;AccessWare Shop;G1;816-455-8733;M1
2c72fde27117da429109a3fa9f8826e390787387c48971cf657f330ce2c4b0c6;10012161;Filetron Shop;G2;816-455-8733;Não informado
216e1966db6799b52a49371854d4316f146b537dcdeaf8e5881e086d2d1573d1;10011052;Elucidex Shop;G2;816-455-8733;Não informado
6c45f3ff082c4c064a094d0892d94ebcbcecc19213a7f7f583bdedb98d2888b4;10023022;Renaissance Supermarket;G3;816-455-8733;Não informado
ca24ef3e5344447a420bad54e6696d17084e3355bb3180ff4a5fd4b5776aeb08;10001103;AC Store;G2;816-455-8733;Não informado
f7b3f60afe82577a1f38bb95edc0b9ae0ff382d6c722b8bd5cce83b47473b3e4;10005099;BF Supermarket;G2;816-455-8733;Não informado
0035d511f8b007d8fbcef44d7f4bf86410c9afbab465949bddb6768bb0e2d77e;10011732;Federated Supermarket;G2;816-455-8733;Não informado
ce8b22315caba0969fe07436c9feb75781cf692f21bc2a31521085770f043486;10007866;Camros Shop;G1;816-455-8733;M1
f181a4f6d74d12b42250b995c021795441341bcf750f3883e513a56b8fb571d7;10022678;Rave Supermarket;G2;816-455-8733;Não informado
a780367149e244b25145d299616d5251bcd705fa0022a6b8000a229d2d8380d7;10020868;One Market;G2;816-455-8733;Não informado
6390a6e8d645b68a327a74152ba169652e4e05de26bec08090af6200f942e5c6;10007258;C3I Shop;G2;816-455-8733;Não informado
0ce1e249ad65647e825ae7aa07e3e901db3c3ecbfc94ca2520bcd6cac4d4c87c;10021300;PageWave Megastore;G2;816-455-8733;Não informado
889067646f7de833e4308d1fce15d51f3de3de2a00640a87fcc18d23649c2598;10018146;J.M. Supermarket;G3;816-455-8733;Não informado
b4056df8273ffc012b89d6871a608c3aa8c1b7b534054157b9937cdf97e53ac9;10026348;WDND Shop;G2;816-455-8733;Não informado
c4ef3105115206e7e39a3de2d742cab8cc85146e5a99c57d6f3bd1d6b0c0f296;10000458;A&R Market;G2;816-455-8733;Não informado
b5be6728bf222c6f71b8c0ff1cf970c23b0d186a6fe510b77957a10fdf192d89;10025291;Trend Market;G2;816-455-8733;Não informado
8d113a49084b2fbc1c06368b886da49561a53c27ffe700e0eb83a339217a25b8;10011198;e-MDs Shop;G2;816-455-8733;Não informado
d06b75adb6cb0fd5fdca9ee6a3f464a46e6d7fc1c942201983cd47f976139f28;10010698;Earth Shop;G2;816-455-8733;Não informado
6a05fc1ba9b1a358cefd26fded5141e8c0d739cbd658e8ddf5bc1b1af1bbc82a;10021223;PacificServ Shop;G2;816-455-8733;Não informado
0459407933df37dce6ba518bcc57f80e3d8db50ccc9e44d7a78a4c20a62f1817;10013426;GDC Shop;G2;816-455-8733;Não informado
003063e8d9dc0b446f97a23fd645202b1fcd659e2d8b4b392200203af3fd87a3;10012226;Fills;G2;816-455-8733;Não informado
3697c4621d4efff4ca93e47644b1957aa74e96525c05cc6c729a6c09571360f1;10027082;ySecret Shop;G3;816-455-8733;Não informado
21e1863c14e4b3d0148494629529ba53d1821826511f9ab49b6db84a5a06127a;10020672;Oki Shop;G1;816-455-8733;M1
c90fefb40c75e74c8345f4eacb5312ac875e12782ab928874444bfcd9325e26e;10020639;NECX Market;G2;816-455-8733;Não informado
5775963e46e5ec98ebee6eada8022b8908898f9b11acaeb196b659604423b6de;10010990;Elbit Market;G2;816-455-8733;Não informado
33dc5adf98d4b25c9f289c11d3201cc7dab58c61d5a44da2703053947a058823;10013332;GateMaster Shop;G2;816-455-8733;Não informado
ac80d6259e5ee1961856e0398c1e7ff0c4ce8a89b0396e4a3436d610dc641ef6;10007122;C Store;G2;816-455-8733;Não informado
1e40bf7e57cbff4780ce4623fddca7b024efe347813aad0d719a6de54509723a;10013039;Gamma Supermarket;G2;816-455-8733;Não informado
c9b1f13954ab9d9c276b9e35d593bfb6ac78118824dbee8cb4bda34da762f022;10009356;Central Supermarket;G2;816-455-8733;Não informado
9c80ca6465a895c24ddcc65bd4f7ba53d047a6790aed2e231c3761a8f962e11e;10026055;Dellovade, Supermarket;G2;816-455-8733;Não informado
6d9e54025ed7e4e6ef85f859d2d40898900c03430d80e00a42d076f30b7591f1;10014540;HarveyOpolis Shop;G1;816-455-8733;M1
56a7ae46e6bb5db05a35c14b7c7a8b2601fa6ddcd6f72e154dee345739cb84c8;10025252;Times Store;G2;816-455-8733;Não informado
2b3ac84b4e4e44d1eccb685a037478993ae8082f0d3b023a77e8848a1e8518ee;10000501;Absolute Supermarket;G3;816-455-8733;Não informado
7a079cd603adc39d03dbd64aff10e26078a2893ff54c87243421ec246ad4d208;10025304;UBF Shop;G2;816-455-8733;Não informado
34928b8363e50176e7488ea13ac3978a776736e4991d7f705339d8288943987f;10019879;Litton Shop;G2;816-455-8733;Não informado
ba7c90a3834bcae3b69ae7fb508e4c328c008e059900ef9e55c7912e380c1c03;10020909;Onestar Shop;G2;816-455-8733;Não informado
479ca79fd008dc53680e3850eb41763fd8ec095cc43677ec075448091b72cc94;10025239;Teamaker Shop;G2;816-455-8733;Não informado
7dbe486b34051baa1d687f5924cf8bc55e4edbbb86a04359ccce50f62e7bb60f;10013127;Garbee Supermarket;G3;816-455-8733;M1
fd8e1b9cf7bc0b76d335c59d30c8cd0bc5832be02992a20b68f6a1b5a0af6edf;10020192;MATRIX Shop;G2;816-455-8733;Não informado
e7011bb7d1510c3ab9501956913207d1d61a919fcd71c6fc746b3e7a07bd526a;10025264;Today Shop;G2;816-455-8733;Não informado
07e7ab068c308f69ce1ac54f3b5cfb988bed385d5607c21ec17b4c50b168d884;10023471;Road Warriors;G2;816-455-8733;Não informado
9270e94850fab6968d468cdacf0373af216d53fd4e3de7c129c34e2f50fde06b;10023783;Saturnus Supermarket;G2;816-455-8733;Não informado
b3f79e262a16d36b6fb6bb64978da7450b0c845413953153f875be35d6fbbf93;10019514;Kimball Supermarket;G2;816-455-8733;Não informado
743f8a4e16992427311b96b52949bb72d77795131838db0b3db2aef93a274ed1;10024248;Sifton Supermarket;G2;816-455-8733;M1
943f7b98022f558c0d6225ab044a3e5a9e611fd3097b9d095284545651c77390;10005043;Bezeq Shop;G1;816-455-8733;M1
57d59595a389b8d31c1ab288e2cc714b22a139e23611826893f1b44e66cd6339;10002155;ACES Supermarket;G1;816-455-8733;M1
01c2d174547011ac9d1fb2d2992a79b390cc242f5cf1c4a900f56fc6e73f2ab8;10012157;Fifth Store;G2;816-455-8733;Não informado
2850a980b21c0e4467f09446302bf2ddce0cd3f6303d9103f412085530a1fc4c;10024246;Siemens Supermarket;G2;816-455-8733;Não informado
909e1cb96ab8b54b77c4837fd2bf710b7fb26f148739cc9beb23e0a5c1e84e2f;10002150;Accumedic Store;G2;816-455-8733;Não informado
d035a63c5dd2e4f3b9f2b65639591a249437c581d0af0616042d88be8affb0ce;10023715;Diss Gigastore;G2;816-455-8733;M1
8cb1786c583e7df361898493c0f64119870bab29c8335c8bd9c24f5f754ad3c8;10013574;Gebbie Store;G2;816-455-8733;Não informado
f1f3ed0a828a5c1a7f24f7dc451ce339ea9f031ec6149e69cfd8edd7193f424d;10019913;Livezone Supermarket;G3;816-455-8733;Não informado
09edb616d43cfbde8abc78282206fff1028ab97b50983d75c9f590d7921f7914;10023964;Science Store;G3;816-455-8733;Não informado
f48d2af133b8201d5f4fc837c86ba4351211a8ea9876b48fd58822bb5c97da01;10020181;Markets;G1;816-455-8733;M1
be6ee12efbef150a841cb50940642174e7e5f172bf814fb53273c04516600db5;10025418;Ultra-Image Shop;G2;816-455-8733;Não informado
2eaa17cbcde026e6beddfd073ae1539b892b7833ca23c208dbeb6a86e26a589b;10021804;Picka Superstore;G2;816-455-8733;Não informado
c1a3d51034a28c47ec5da805c06a16c235310b2f5087c8cc5dc69d1b6b7bae50;10009669;De Store;G2;816-455-8733;Não informado
963ec0485e7df1f3337ca4f6fabcf8d12d7f970fdc2e3293f076607ae91f51cf;10025036;Tampa Market;G2;816-455-8733;Não informado
a8b96eb8685429719fff421814b4b44e9b22bd380817cec4217a35b02d35e9b4;10025778;Valicert Midstore;G2;816-455-8733;Não informado
504f4577387c921dbc84b54fc7dc95fba494b96f07c4c6b90fd06923106ca2d1;10007123;C Supermarket;G2;816-455-8733;Não informado
b43c27bb084942e5d206c00e653ca38605f80a9238b4b606dbaf8871a87964d2;10026294;Wasabi Shop;G1;816-455-8733;M1
828dc75ea0b39f7fc9aac7205f1b474bd2067794b3623d6c200dfb11df849cf8;10016548;Home Superstore;G2;816-455-8733;Não informado
0ab9bafd9aca19ac88ce46175a5a90986108c7fa62589424f06a8ab5cf33cbd1;10025052;Target Gigstore;G1;816-455-8733;Não informado
cb19adc1398ff54d8b97927b4806cbd1060a957de7d11a29505116746d531cbc;10026006;Vector USA;G3;816-455-8733;Não informado
a421b06246124da88f73cd66cf743322bfa305a03344cf684ad116c36cf6583e;10025288;Transylvania Supermarket;G1;816-455-8733;M1
65bda05e43b96d357614bf7c3a1929fd7f45f33bf5e34b65ec893abf3a81f2b7;10005922;Big Supermarket;G2;816-455-8733;Não informado
73b49a6e79246693a82f7c25d019f67bac3c385e448a58a79b3fcafc710a6bd1;10025508;Unimedya Shop;G3;816-455-8733;Não informado
2bd5048154039546665c6d0d267cc1e0ea523a225e047f87286d3f2549af6738;10023244;Revolutionary Supermarket;G2;816-455-8733;Não informado
bb9ce7923af545997a5d5c6183f82eff633c045a5c36c072c25dec14f11f7022;10021470;Papyrus Supermarket;G2;816-455-8733;Não informado
32b5504788fa3597364a95181cda8a19eedfd4a2b951ee3f72a85901c4f92f1c;10021139;Pace Shop;G3;816-455-8733;Não informado
56cf66bc811866ec5d33f567d384b72d3ef25d37191bedc6b0f32a9245ab640e;10010923;Edmark Shop;G1;816-455-8733;Não informado
7e4e253128eb0382071a0661df33248221620dba7679b9595062127a5395f0a7;10010897;Edify Shop;G2;816-455-8733;Não informado
de78051d88fd0ebd475d2f2d32863b2514dc32f0f5428aeba268cd6fcde3a82c;10019109;KentISP Shop;G2;816-455-8733;Não informado
a3661ee319e8603c94beab87137e1645208e67b96963d98754d0ab302e25b397;10007448;Cajun Shop;G2;816-455-8733;Não informado
231c6fd17d173a996499d07a9d1325becc4158f524d34b34330f8ba9289bf3b1;10025243;Teca-Print Shop;G2;816-455-8733;Não informado
48ed18c87ff66c3fe69a5489b200eb17023061a17579d53fe084f46f81316c8a;10010970;EDP Shop;G2;816-455-8733;Não informado
c1015bb93623e382f8f6fd9ab76b45a14a5abe3e1abb97caf9e934691560e525;10000480;Abbotsbury Shop;G2;816-455-8733;Não informado
25d9c4a3e66ed37a0ed15ce44a11bc5ff7961b259ff8249549a6dbf2e1132b84;10002153;Ace Market;G2;816-455-8733;Não informado
06d80a1c824f5538b872021929f8d30d45615f0357acbaa50ec3649c6b531293;10014803;HCHS Shop;G2;816-455-8733;Não informado
ef305aab420971247573c7d68c181dae4fd3ac3de65d6cdcb24ebdb9b0f04c53;10008593;Capitola Market;G2;816-455-8733;Não informado
d6ff6dc39c91156702a692f30a30aca67af8dac2b6eedcad3359e935d8464cba;10012234;Filmotype Shop;G2;816-455-8733;Não informado
c957ac8a0d1fd8be3df26fe76f3e9863fcdc27045f17c2932e8fbb2e407d7682;10025287;TransCanada Store;G2;816-455-8733;Não informado
f967844432185b396b19e0cb47831e91376a92694d31fe88a7dbab5e9af7b9b1;10011623;Federal Supermarket;G2;816-455-8733;Não informado
d7f3d0910d69d2096e595fa2bbc8d971b498c04e28be1507bfc8b14f3f4f4f9a;10009606;Champs Gigaplace;G1;816-455-8733;M1
e6bbdf1d9acbfb27e005c80699c8ecfe9ac4c8fe531e3f8b518bd7310906e294;10025919;Vanstars;G2;816-455-8733;M1
7d43c68d3d6c71092740b4df7b1a65bed84996e2e346d4a0a7c10077091f8f1c;10014533;Harvey Shop;G2;816-455-8733;Não informado
489ffcb248eea334533c7e0c1db48a20df223d3d1b745cec94aec3249803b26d;10024743;Stone Supermarket;G2;816-455-8733;Não informado
6215ba8ff822cef820b7a0b176888a317996fed955db18a1c346b460f5d1b574;10023509;Safetynet Shop;G2;816-455-8733;Não informado
7e84de735c708da801da0d775300b1a7ee217879dcbdd8b768471a7cb9808238;10020491;Nbase Shop;G1;816-455-8733;M1
bae42b892a57a27a9364f74bddcec4bc96826e0f5d952c194ec47394812ed4a3;10018518;K Shop;G2;816-455-8733;Não informado
c6ef51b1634e7210a4681c2d2e7ca1baea807ae9d2c8edcf7b858803252b7bf5;10022750;Ready-to-Run Shop;G2;816-455-8733;M1
80ab9d753dabade1c7cf46dd8b4671f31994220afc95911d84bdc891f6778dc8;10002142;AccuCom Shop;G2;816-455-8733;Não informado
30e87592d7773dfd65c3da6c19b0aed5bf53bf22ca0228b8ae7f1167887e6ae6;10011089;Embedded Supermarket;G3;816-455-8733;Não informado
6d2fab6f4c2486ceda5a055ee50ca9528bac44e894ad4c74961e6901ab537da2;10002159;ACI Shop;G1;816-455-8733;M1
e151dbe8e5b22b231290bb1e4b6ac0b9604c4af6d32c811edc67fa440ce5e703;10016609;Homestead Market;G3;816-455-8733;Não informado
30bb87ff36cbb478ab784ac1c39e7793fbf8e08233c265e37e602f9679987e09;10013870;Greymac Trust Company;G2;816-455-8733;Não informado
c9f6a083240a0f4773a8c524e2c11db0466d94dfb314b766b2a92c7034cdc986;10010914;Editor Shop;G2;816-455-8733;M1
3db3547870d61298f4d08150742b186cd83df1ba6fb6535c66c0b8a2db134fe9;10023495;Safe Shop;G1;816-455-8733;M1
da1f1db3437c2df325ba02f1737e24a8c1b2d689e88e2f2a951c21b24d358879;10014043;Guarantee Supermarket;G1;816-455-8733;M1
41d649365f9b4e470f8c43ecd42460bbdc9ae236091b516ad4dbeb84dc267fc6;10023489;Robust Store;G2;816-455-8733;Não informado
93b07c87a11763b44efa6d14af4b7e902e2f511fd9b72d08a888ca87929bf126;10025250;TICOR Shop;G2;816-455-8733;Não informado
76cd9c4703bd227698e5439131f8dfc28ce7512fcbe126d28621abf3a7fa6178;10010886;EDGE Supermarket;G2;816-455-8733;Não informado
1681b5d5a3d3263d176f1afeceb739a6300dc5dea57112b6cf38046eeccca3dc;10013670;Gehlken Supermarket;G2;816-455-8733;Não informado
4a453dcb1d53b13ed437b0d13443f271b548ec252216549a1002f57784605be8;10009650;Dayton Store;G1;816-455-8733;M1
02778ca1874430dbc06993d766c57179e9084d936213b838a75e75dda83a62f0;10007121;C Market;G2;816-455-8733;Não informado
ebd3ba04701b962977c14e1c5946c0d99222bc5e22c99a278fa3545ea3052a8d;10018623;K&M Supermarket;G2;816-455-8733;Não informado
5e76554726eb14d1039b2e70bc534d960e08830adff904292baa2ef136dac7a2;10024270;Signatures Superstore;G2;816-455-8733;Não informado
700ce3d3ca29a0bdef44a0da4dbfb7b8f7f4dfd937e3fdf1f153367d4adf6f09;10004207;Bell Store;G1;816-455-8733;M1
df50f3384d3d42694a2efb1fae079f405ee2111b5121f7abd63fad12b12867e4;10022450;R2J2 Shop;G2;816-455-8733;M1
c3b5178dd00b79ea2fe9f17718d47b73edcde774a5f1cf27a2b949b96bd6683b;10024034;Script Supermarket;G3;816-455-8733;Não informado
83777a600a6de5e5f18d969ff7cebbc3abaf876483141b9cfd735a7fc1a51bf2;10009623;Chas Market;G2;816-455-8733;Não informado
b679d116169f94ffe7032da2792ac4617cb40f9aa74364f7194ac73feb30d6af;10015824;Heurikon Shop;G2;816-455-8733;Não informado
bcc6df305c9c3d76f98141378a79c6cb3a07a32588ae1fcaf15fc6abfe4b588f;10017036;Icon Superstore;G2;816-455-8733;Não informado
33bb1146fae3578dc95e87af4298eca092704f5fdbac3826367000f23e438c4a;10019664;Koppers Supermarket;G2;816-455-8733;Não informado
5f466eaadef2bbe2927c386258551ed386777bea67f03c8851fac62e649149b5;10025247;Telesat Supermarket;G2;816-455-8733;Não informado
37fbbd13ac10a0a6a46511e685007b68ce82d0bce9f13a1de1513783bfa01af1;10025289;Tredegar Market;G2;816-455-8733;Não informado
832d559887f7aa481adf089408af4ca8a67e93a6fd3dac21cb2485d59375624e;10011600;FCS Shop;G2;816-455-8733;Não informado
1001f35af7a1e01165fe8fe215683d522869f93b44c4011f58b1be5c8a3f79b4;10020306;McGraw-Hill Supermarket;G2;816-455-8733;Não informado
130086df36ea40d7ed2aebc71d4f28550539f21417d98ebf2d8794ab6f1162ea;10025249;Texasgulf Market;G2;816-455-8733;Não informado
7003c2ccca97d13271dfffe368bdf85926e3927b5b2b67d41ae268249cb5c55d;10025024;Talarians;G2;816-455-8733;Não informado
794245c0bbcab570d2b8d034a7c8181b7f96bdd30fb594c3a73060649aaf3d53;10022249;Quantum Supermarket;G2;816-455-8733;Não informado
5047326f05df804f01d7c1efef5beffa264ce73df4dcffa3207a45688be71e93;10012927;Galaxy Supermarket;G2;816-455-8733;Não informado
1fdf77bbbfd146fbc59e5169d636387d355da64cb722a8b2a67ccc18f4b1dd3a;10006919;Hoovey SuperStore;G1;816-455-8733;M1
723682d8010eaab88e989632f80726b7307a4ff6fe9764c5e793b20265b3f0b6;10021111;P.C'S Shop;G3;816-455-8733;Não informado
8fea066be886742f40a996b002414a37417f234a0d00b9cdaaa9e491df2b3274;10000481;Abbott Shop;G2;816-455-8733;Não informado
b314b49dda4c459d285f4c24eed92905749be367b3ba80d70c3715d92a3a6d69;10013011;Gamacles Shop;G1;816-455-8733;M1
9ed119d8083c1ec1ac88795d9d403dd0fb3be5c9d05660bfd9d2ee119b87ed62;10003720;Age Shop;G2;816-455-8733;Não informado
980a95d0f8555f279f2d377732c98dabb0dec7560afb02b6b0a809bf72734c23;10015956;Hidden Market;G2;816-455-8733;Não informado
2c19e2bed0e76b2e990ccecc165477fe06faceb93f1197782e734d6798995a13;10027356;Zero Market;G2;816-455-8733;Não informado
1c2ac27c1cc0999f6cb348c9e47c8cdeebf7f76cada9b8646f05c36d6f504cfb;10019952;Lobster Market;G2;816-455-8733;Não informado
bc5ba8d10f517a480337a7fbd29fcc17af99ac3442fa6285f894892fe2d2cc8c;10023757;SAS Supermarket;G1;816-455-8733;Não informado
3df632e91cdb4e5602deccb54fb7e4a4cc04d60817c40b030cec79acc5b87893;10020684;Oklahoma Supermarket;G2;816-455-8733;Não informado
9f875f104d8627f39f15d5f770cfd25923374c430873b97e0edd58e5887c6fda;10025269;Toledo Market;G2;816-455-8733;M1
e2b5e057e7da7cae1ad1f72e4fc433dfdcfa2b600564e00ade5f75d0ddee72d9;10019410;Keystone Store;G3;816-455-8733;Não informado
3a19c25e34f475902df3390bf09e085c4efab88fa431ae78301e947920c0f894;10020915;Ottercom Shop;G2;816-455-8733;Não informado
f03b9544d52e959f66f8576b5b48e8ce8a6e3a9a0e9f75794ef5c93fc9e3cea1;10001818;Acc Supermarket;G2;816-455-8733;Não informado
c984a882f5d622dc75243bafb4deb40d492a0db877cc14f61e12561cdaf9e191;10000497;Abplus Shop;G1;816-455-8733;Não informado
12899f45992bae179beaf5ba07d88019e784756d39f3202815f8085ff364401c;10011821;FenP Supermarket;G2;816-455-8733;Não informado
0554ab52073e5920e30399776a03b2c6bdafa46b2129bcc33e1ca107acc18c93;10021160;Pacific Gigaplace;G1;816-455-8733;M1
1f32af13a5bb63bf4a93e9bd5c69dec39b48a79b2ee281b4fe63da9d7de1320b;10000478;Abacus Market;G2;816-455-8733;Não informado
b595261047240322f80d9795c675a0f8f6dbabcc4370da1aaa85c0dc30d189e4;10012305;FIND/SVP Shop;G2;816-455-8733;Não informado
6fe10b7509ddb05e2f85707e4af5230f481924217c931be187c4035b646bb974;10002140;Accton Shop;G2;816-455-8733;Não informado
f4263a37078bf7c3f7a902bef64fa2748430ff2cfc02a06654f199e1aac6fd0e;10014059;GURUs Shop;G2;816-455-8733;Não informado
fd0f7d34bb06e79cdbdd0abd1b3f76fbeadbb0b0ac555809d0abe652cb6aa66c;10009633;Dan Store;G2;816-455-8733;Não informado
1c395f374235e24b97a9f21dbb895c1900588743983ba4ef7c822e337e3aaf55;10022252;Quantum Supermarket;G2;816-455-8733;Não informado
b053fe8de843dfc5125e1e7a90219dcf5ff2d6a3cc5723310e7a32951d031089;10025299;U.S. Market;G3;816-455-8733;M1
76f27b935f8f29aac07b97d44df31618c119473c158903ad84243090c2aa44c6;10018877;KAT Store;G1;816-455-8733;M1
5a1d20b38885d93e586b4705f52ccd157ffdfe695343002f0894ff21d3a0f52e;10006037;Bigelow Store;G1;816-455-8733;Não informado
02ea19fa19f510f78e27f2f8f4b4397ec2ad93473bc0f5d8b285ec6d111fe522;10009654;DCS Store;G2;816-455-8733;Não informado
f0a3fb6c9de0d601159d9aa894d035723d7add9572bee4e5673c955b27f95e49;10020849;OnDeck Store;G2;816-455-8733;Não informado
8ab119e32fe508aaabf6e5b06409a00634a69c81caa1d52c02e5061126c72739;10012128;Fifth Supermarket;G3;816-455-8733;Não informado
d63f8eba849270757540f486328ba6aadfae982e61378634af076baec73006a3;CustomerKey;Customer;Customer Type;Phone;Line of Business
7a326b1df69e2c8c0c34c0cc82572b0c39444a576b9cc24f2b4a089e77a1ada7;10008381;CAPCON Shop;G2;816-455-8733;Não informado
1f934d708086dcf2001e5b40a35d4ac8487b70bfa10090e208f741586d9eb41c;10016113;Hill Supermarket;G2;816-455-8733;Não informado
b6c3943e2f9b53b995a7ab05905adba8b5828a27db2c763d45915e29fea88dcc;10000475;AA-Wizard Shop;G2;816-455-8733;Não informado
8e6e6765bb4616bd47ba5ab3bf537c74834e9d7820f2bb63ce2d9feb97e060ed;10023275;RFI Superstore;G2;816-455-8733;Não informado
b7b6a356abd48c0e7b121e2bd6109dadd8e2d44f3408dd1b00e37414f3110b54;10016045;High Supermarket;G2;816-455-8733;Não informado
3e58e6bf189d9f7369d52b20ead20e810ce32a768fe8854fed7e09c871502d9a;10012600;FireTrans Shop;G2;816-455-8733;Não informado
d6a22505a2ddbdac38959e1866bca99f6ecf030797276bbfb8edec3a2120b1ae;10025033;Tally Store;G2;816-455-8733;Não informado
6ca25c6afcc63370f558d583e9de3d8523c418a446d7714774edfc92750eff93;10010906;ediSys Shop;G2;816-455-8733;Não informado
b25d0f9c62709d6935f52d51d26bc8cc71f629be7be2c39e77e4bec51a2dc79f;10006836;Biz-comm Shop;G1;816-455-8733;M1
7d711d1465cff528c4aca0107d9b7b8b91f17bef1800e5b357dd3c3bfebe97f8;10021736;Patton Store;G1;816-455-8733;M1
4b05317fcde30c62dd36ffd450ef2dfed0fa63a13a09a75bc0fd04c0e69c8135;10009672;DEAC Shop;G2;816-455-8733;Não informado
1c6a5e4487899a5d266f1629583d811b39f8638962148864c0f8896f2aeafb41;10025242;Teamsolve Shop;G1;816-455-8733;Não informado
2cd0f4af99d4749b2c6f9b91d36264ee919fc6c4ee95e4dc78ca65cd1f765195;10007183;C.O.F. Shop;G2;816-455-8733;Não informado
69616085a83b45b7991199d8d68d53e3d3201cd1b639d55c02e36de0fe70a0e1;10026522;XCOM Shop;G2;816-455-8733;Não informado
0f3061ad051e23a6ca0346ee523dc11606c158d9102fd9859ddf60c51c9f5109;10023778;Satronix Shop;G2;816-455-8733;Não informado
698004e9eafe91ba152ce05e29c05606f77ff005f211ae9a81ddf1eb515c6c98;10017852;J.A. Supermarket;G1;816-455-8733;M1
5b37c69d1f2132be9af3d0171713db054eb38d57732d12d30073361d749dd1c8;10011842;Fentek Market;G2;816-455-8733;Não informado
c97c2904a6108cf0b8c316692eb35c6ad4b8abd41e9f9f2faa54be48254c72ee;10022240;Quantum Supermarket;G3;816-455-8733;Não informado
1357347f6420ba2a4979f24e59a8f2e526f1d732ab4833784344ea69b460c3ae;10017553;iLanguage Shop;G2;816-455-8733;Não informado
560a7993a46fc97cd923c7f20cecab5d8f7857ebc05f8d63a626e1a2f1227e11;10020931;OutPost Market;G2;816-455-8733;Não informado
e14fbb362c330e601c18ab39a0865b03108808a25603bc916878b6b8f7b07d15;10025051;Taos Supermarket;G2;816-455-8733;Não informado
37aa1bbd383f93ea653cbd6edd30e54be1b0b51280163ef0efa44b02569dd499;10005810;Big Shop;G1;816-455-8733;M1
68c9fbc9b8e4af0a68a79430666d2a9507bdd0bf315b9e0e508689175560cf63;10024022;Screen Supermarket;G2;816-455-8733;Não informado
061a5250a2afc7b2d652da7bab77d81d38a9f3fa5d4cd31342467a8e517cb70a;10021305;Pallister Supermarket;G2;816-455-8733;Não informado
c7628f459e58b82188b76ff693a7a629a9ff4b8a58669f7562a3a54f65b0be2a;10015030;Hegemony Shop;G2;816-455-8733;Não informado
9a35d14ab348539bf61b123f748cd2291cc926ac1f212333a291cd3bc522dfd5;10026334;Wayne's Market;G2;816-455-8733;Não informado
d99c8702854b0ec8390aaf273ed1c245e9c0ebdad25edac2d6ed863e13e423e2;10021459;Papyrus Shop;G2;816-455-8733;Não informado
f2ae7309188482f8d34940fa70fbecf606bcf61b1b5b1973cb91b4aaa02ee836;10004302;Berkeley Supermarket;G2;816-455-8733;M1
3258be0c8e2eeef56f8f91b6d0a77949258d0c1b70834fe013d65b6c660ef870;10014804;HCS Shop;G2;816-455-8733;Não informado
668eafceed6257a87b986b7df38aecbea4ff0c0aee9bebf498c8c569ceee009a;10021977;Pinnacle Store;G2;816-455-8733;M1
7917a77ae792b39c49568834c65178496f2f185c42d7cca0e81a6afcddee05f4;10004245;Bens Megaplace;G2;816-455-8733;Não informado
b74afa87659e6cb05127bf5b60037d1636472845cfe6b3e327bde05af45fef9c;10026532;Xediom Shop;G2;816-455-8733;Não informado
9384d1be0d7594c02b894d27b62c490bf17fb028b0b1313f48a23a59c8806a57;10027119;Yurie Market;G2;816-455-8733;Não informado
234f6e05929e98c9ae6f2d18a311ec44c4685c78f4441313a29c9e1b12eb39d6;10023023;Crew Superstore;G2;816-455-8733;Não informado
d0da0745cfcaa36cc6bfc8fdc54f16d029f7855c85c17207bf164b5136d1ce10;10009885;Degolyer Supermarket;G3;816-455-8733;Não informado
4130e8ac8346c0c6fa21e8e6c23a7906b4758871f82c0c08f55a53b0ff252d90;10019909;LiveWORLD Shop;G2;816-455-8733;Não informado
5213803b8f311ad987ca07a96f745aff38a44886c9bdcdabc26f0f7960987139;10022687;Ravenwerks Shop;G3;816-455-8733;Não informado
7afff00d61a0482362ab12af8467af788a8c5ded4c2a5716df31aebcaa4aaf76;10005861;Big Supermarket;G1;816-455-8733;M1
319ebce62eff29cd9f54e29facaac654d34158b84ca65cdb612018ae2fe48706;10021472;Parabole Shop;G3;816-455-8733;Não informado
0a5e950caa0dee2f97bc65aee22ddc4de2973fc2a51eb8b24abc3ca18a1b63f6;10022962;Reflex Store;G1;816-455-8733;M1
35fc8e1b642dd663fd56b9c41fa9d98c5981ba1b1da3f023441b7cff05f56865;10012715;Fokas Midstore;G2;816-455-8733;M1
a439576cd63ed64dbb8d5180d9610952f845df6251dd0d583be85a1504f2d478;10000473;Aaron Supermarket;G2;816-455-8733;Não informado
a355d9bd88abf06403fea9cc1667ccf380d7271b6feae7f91775989d323cf179;10021242;Page Store;G3;816-455-8733;Não informado
9ec9995cf7bd4e382965c28da4f52d49a4fc4777d563b5012e8f0b49c546c7b1;10020247;MAXSTRAT Shop;G2;816-455-8733;Não informado
ea1f0da7358fa84ddbe5cc1f6cd63aed8391460aaacfe0c8076ca15ef3bd136c;10024016;Screen Supermarket;G1;816-455-8733;M1
2bc9319a4d580774db1cb49bc45080052c24c9d994324de103e4971b0ebe890e;10020227;MaxBan Shop;G2;816-455-8733;Não informado
62f17ed22b186d1292141cd8665cbb9643e2682ef165e1f0ab2c30a3d7bf70dc;10015325;Helius Shop;G2;816-455-8733;Não informado
45da0367bb1bfcc30b76b4326ae50fd3d983a6589b354f63fe7aefa3f2697bba;10025238;Team Supermarket;G2;816-455-8733;Não informado
1eeadf1f7e84669833c20c2424ac69aa4193882d72b409d10226ba392336bbbd;10020390;Miles Supermarket;G2;816-455-8733;Não informado
b3b81f5474aca30fd5b9780d1e5414e99d15be0083ff47694ade6bd2dd36226e;10007577;Cam-Built Supermarket;G2;816-455-8733;Não informado
e7c64b909770ef7b86b8e94cbc7fba5f4a6dc7382d5012aa4f5e9a884ef959c2;10026581;Xetron Shop;G2;816-455-8733;Não informado
088299cc2e12acccabf23ac8ee0116796fd7bc28cef438bdb9ce4965581c6622;10007536;Calypso Maxi Store;G2;816-455-8733;Não informado
a4deee01e2dafe736782ad40ab9388ffe6f222edf839229f3aa3851a3d95bae0;10021996;Pinnacle Supermarket;G2;816-455-8733;M1
02865c0665e89d9e08ab554f4e74ef188e0a803e452308b844645f553653a873;10012885;Gainunion Shop;G2;816-455-8733;Não informado
aaa3401a7d02ac85008330031981f2df06781cf10686d321fd74487301ad6389;10025284;Towmotor Supermarket;G2;816-455-8733;Não informado
3519e6c8d23ac5fc3b539509e8f7906a883b599c15003477e77f4641f88f0cb9;10019400;Keystar Superstore;G2;816-455-8733;Não informado
cf9f3e63c732a5053372f0d888084301ddc78caf4b094875a761e7476f9395f4;10021418;Panzl Shop;G2;816-455-8733;Não informado
60d02e1e256f800b778eb8a0a0ec1827c182587799a1d387262d33cc296d0838;10002128;Access Store;G1;816-455-8733;M1
eb50bdd3a7d7e50856e3c5c90a4342f7b7dc0ba073b74fe37baefaddec2ec51d;10017576;Illuminati Shop;G2;816-455-8733;Não informado
01cbbdddb55e1063fd3d9eb45ca134e6a82b9d1b3ee2dd07e1873ab93c43fe68;10014264;Harbour Store;G2;816-455-8733;Não informado
32a593d3999ad8847f5f4b25b5ef4c3321f33be2d9fe0b5fc36e3d0224023106;10019880;Litton Supermarket;G2;816-455-8733;Não informado
ad5bc6a4390e02b39c38970749ffd669b542cbb1f91d4ef98db2815608c46f80;10025049;Tao Store;G2;816-455-8733;Não informado
1636f572eb01f5e48f35fe03a62cc85d95f2f3557a53a5a148204432bbe85b8b;10025039;Tandy Superstore;G2;816-455-8733;Não informado
9af3da6373cc9aa8ad80b3b0e586fc69b5f39c420108cc3584e722890e86140b;10021422;PAP Supermarket;G2;816-455-8733;Não informado
66a0605b6db835993c697c3d9ba242b9878912d92275cc91f14a37fb58495557;10007566;Cambio Shop;G2;816-455-8733;Não informado
d63fbae0ad634d80d80d3e3a7b6fec45a43b09d5e0b68a4ad005e305f8da524e;10026438;PLAINFIELD Market;G1;816-455-8733;M1
adb062c201fd63a6e6b8234e6f5e4fdea6cd78776bc0556979e809f622a194fb;10025040;Tangent Shop;G2;816-455-8733;Não informado
42df6d6ca86b2cdfb48be648c2f7b7e25ed8cce020d1e85b0be00dd431986c74;10005236;BH Supermarket;G2;816-455-8733;Não informado
56527e2e53d43724abdf129cf120bcd277427e1839922f608f029cb867d090b2;10015011;Hederman Supermarket;G1;816-455-8733;M1
89f1ea1d3b5b3e95818b9f0911149a04ca87154b9ad5e9e2fc36af5e679058ce;10002240;ACS Shop;G2;816-455-8733;Não informado
5d6cffea5210cba655b70b7b40cd057d7e8f094d5997c215e1399c3b39d1b0d1;10016807;Ibis Shop;G2;816-455-8733;M1
2826d151c591dd1f68a0aa6b4d2bff9e550ff2e44f5a1166328084936645b59f;10021750;Paul Store;G2;816-455-8733;Não informado
ef72db6362c86630bc24992d87bb67442912ddccc5cab16d713ca8ee29bb117d;10003857;Beckman Market;G2;816-455-8733;Não informado
c764c9f80acb9e9bccedb5b7fa73cb00c1a29bbdd43e3230fa98714ad08d6a80;10023780;SAT-SAGEM Supermarket;G1;816-455-8733;M1
46edb0f7226ec078b5f8cd0de5defb8ec2c7ef7c83e4a078d175a9a5300f2f87;10007591;ComeStore;G1;816-455-8733;M1
1dd0173115fc5abd5f389bd3d43e02056bc77f6c8b77104606e845575f88109b;10006093;BigJobs Shop;G2;816-455-8733;Não informado
eafd9298d44314318bd0ca1b27f7d873cb6922aedf62b348f942f93a18d607c0;10013765;Gemini Supermarket;G2;816-455-8733;Não informado
8baf3121ef2b50b0eb1eb2a15e61e726b86ee3489ad61871e0e54e2384bb3053;10019469;kGS Shop;G2;816-455-8733;Não informado
c8ec55930fcc718d47b55379d398d385bab011f80c2150d8ed183b113c229e3e;10014047;Gulf Market;G2;816-455-8733;Não informado
257dc5a2db895309362cfe2f922b695f64bd9a0fdb0a470d7496f36a76f4b3c2;10023793;Savetz Store;G2;816-455-8733;Não informado
3068acf6899ddf918166ed86efb6bb7fd44252c9fdbfb3c49a3213956f36f71d;10007309;Cadtex Shop;G1;816-455-8733;M1
ceccb48040c2be4c8eca579452b8eb697be7a1485f79cca6a3f7e4f432c7d996;10009660;DDR Shop;G2;816-455-8733;Não informado
3d0d84731e609437e41e6b30748652ff36534461019c9258e023522dc075b014;10020364;Mersey Market;G2;816-455-8733;Não informado
0d57fa478928150bb66d81e0d55acde99a129778412b8129d2286f5c1a0adf92;10013572;GearSource Shop;G2;816-455-8733;Não informado
35f96368f6c4696eed567827ea7f1ca26c1cd25f595f04205d82fca524827f1e;10002501;Action Supermarket;G1;816-455-8733;Não informado
59faf86b1760652bc9165603d431cbb7e44026ea54c61722a6f74778605c7bc2;10019066;KENROB Megaplace;G2;816-455-8733;Não informado
766b3822efc621813771bcbe0c0e69426da0d3771df025142763f6ad14bc6a4e;10000499;ABSolute Shop;G2;816-455-8733;Não informado
2f038c7c8550d6063e418f446869280981c37c7bc124ad57bab79a14bc20f356;10020393;Minneapolis Supermarket;G2;816-455-8733;Não informado
c029606fa209809c71b071119f52f082e86090d80444fe31e66d9c65c41934e8;10006848;BizNet Supermarket;G2;816-455-8733;Não informado
08b74985ba90093f4ab7a3a4988242594e09d306f3647090415698ec4995d5cd;10025302;U.S. Market;G2;816-455-8733;Não informado
2f6d180c5d335df4a3f676e42516d66a8cde0cdc822d9aa3c9116c07babd406b;10022732;RC Market;G2;816-455-8733;Não informado
65de0322cf5e1142c4d6559a77fc83f1d7c26f6c7d325bc4399a445a86efb8b5;10006977;Brazilian Supermarket;G2;816-455-8733;Não informado
0a01d47de1d8c869718046662fffdfbec7a3fac17013ba6a16488b4b04a42d50;10027381;Zero-Knowledge Supermarket;G2;816-455-8733;Não informado
427390be42db2b2d0a24c5d04a629ef38f9d70d2b6d527cb7360c1129ed8b12d;10025037;Tampere Shop;G2;816-455-8733;Não informado
34a7115c7f8b3363c02b675d89b2f6b5fb2f64f57b0ca64c529a09672fa67cc4;10022456;Ra Maxistore;G2;816-455-8733;Não informado
7fc8dcc0f3825239c173da5b661ebe9469ad65bb2e8245e183a6b763503e217f;10007355;CAF Market;G2;816-455-8733;Não informado
af8ef0f38b8901d2145cd3bdbfbea0aeda9ee0e2f4d5b701c6691f80f0d769e3;10025305;Ubicco Shop;G2;816-455-8733;Não informado
26c8b2646fd175e8278df14549296609b1b9f8a3d44db9b7e42dc27a5e3a43a2;10024930;T3West Shop;G3;816-455-8733;Não informado
8565e8c1baf3171d43ae870b7bdd83bded0b518c58816e5249c5d1dc401a9540;10004602;Best Supermarket;G2;816-455-8733;Não informado
34e5589106d3e7ad8560fcd4ea5ac2fa57d5b58bd10fe6d6e8242755e1347f2f;10010912;edit.nl Shop;G2;816-455-8733;M1
de82ba4e01afa26da73735ae83e0060b9447e422199fb9cc8af6f1c56cb565c4;10022444;R.J. Market;G2;816-455-8733;Não informado
75b53271afbf669a5864632a073f265dada643adf05c70554a45fb08dfbe2f60;10026078;Venred Shop;G2;816-455-8733;Não informado
08d23eba657744e2f1e4e9ec31e72d6e3822a806bb26c8882951397d996db8a5;10022434;R&R Store;G2;816-455-8733;Não informado
1e3a44edfec5cbe911958924ab266d974b4cc7226a357759c8adc1d683389e6f;10027583;zNET Shop;G2;816-455-8733;Não informado
c37189bde2c00aed384c779d6400f876a4ce4f8c9b65efaf3aded8fed72ecda8;10025353;Total Store;G2;816-455-8733;Não informado
79a2758599839a93886692ab8c6b6ab9d5f0d5d114781abe3023032388267e66;10025158;Taskers Supermarket;G1;816-455-8733;M1
fd92e082726975830fad4d34dfc022be2e7143219b3540fbfe41512980a66dd2;10025237;Team Supermarket;G3;816-455-8733;Não informado
c5f371bdb34c28ac8d7c7e63666ca44aac473b92046203f3388fd01fdb22667e;10018352;Johnson Store;G3;816-455-8733;Não informado
ffb6f68733091ae5da077515353b5841ecac4dbabfd89de2083676308d94f8bb;10019388;KeyComm Shop;G2;816-455-8733;Não informado
c1d64fd01ca3da4eac52230c8bc636281a3ee6fad57e4d1aa11f258814c34900;10017072;Iconation Shop;G2;816-455-8733;Não informado
4809dcac410e166de3583f6b482084e8a639927dac620d618a9504583292e191;10020907;Onebox Shop;G1;816-455-8733;Não informado
009eb0a52436637dc8011190633079e75d73115374802621405f535fdd2bfe29;10016303;HMR Shop;G2;816-455-8733;Não informado
83bb3b983e1f9d2e030e6767fb128387fcce1844d83f62c68e600c258d45c7e2;10027572;ZipLip.Com Shop;G2;816-455-8733;Não informado
6964f031fd2c7b8c7ebee68902c1159217e0e22fb8f78dbf06b44dfa8ae2582c;10021270;Page Market;G2;816-455-8733;Não informado
fd0221b287a3130d00d4f58029183d835479627862110726235d080e701eb922;10021911;PING Shop;G1;816-455-8733;M1
674732a56ec64ae8bd86948cf76f1a3c105f84e8f8925c5485a1f4d59d1d1548;10019812;Lewis Supermarket;G2;816-455-8733;Não informado
2ce640c327ec9b7ae94d1380b5ea656192ee771b2fb7325e0537fab9637f3dae;10025758;UTStarGate Shop;G2;816-455-8733;Não informado
f14c6b69a648c2ee0adc076c0133147065032853d74c3bb3e1d4e701715a0d8e;10017290;Id Shop;G1;816-455-8733;M1
cd4ddf8817f5befdea85168feea7056e0ed37fd44f3927ebc37f989c8916cd1e;10013312;Gate9th Shop;G2;816-455-8733;Não informado
07007b2cfea26e8130a830a3fe471d70a95e0b63544df064ad4c73dc9ba37c73;10000457;A&G Shop;G1;816-455-8733;Não informado
03afdf2ae8172eb6a4055155a1d507c52b68e47bf3eb29e0889cf635ff5eeb49;10015886;Hewlett Supermarket;G2;816-455-8733;Não informado
01851bb8fd78698dd331b19a353275b5e16c8d27e574531663f9525fb78426e3;10014471;Harts Superstore;G3;816-455-8733;Não informado
2cc85b4a228d940070696c1474ade6ced71b6d44f8fdd75a0c365a387cf64e24;10006983;Brentano's Shop;G2;816-455-8733;Não informado
ebf9334661bcf4bcf19ba2e452102c00b3fed5b2711c81367279f5347fcec0c6;10023785;Satyam Shop;G2;816-455-8733;Não informado
096e156df41b88d9330cdead7337c0d5095eaddfe95f2e15e4bf0fe9bb37c058;10023212;Reuters Supermarket;G2;816-455-8733;Não informado
499d3abfc82c7b496415f379b87afb230955c3090e9f6e16b6434083b7846fb2;10013509;Geac Shop;G2;816-455-8733;Não informado
7b3499ac16599f185242cd4a58300fe6e4b97fcd5a9a3e74533aee600f21f341;10009697;Debian Shop;G2;816-455-8733;Não informado
44733b8eaa54e07806aab2d9cb06677e003576b4b4197a6a03db5f8507e809ef;10019512;Kim Market;G2;816-455-8733;Não informado
2384258f6c7766840f65f480b74465f28ec16b69889495d747a46edd35911e0e;10027575;Zitel Shop;G2;816-455-8733;Não informado
fa2a41dbc7d0ab6f4ed6055f4db1d1445e0e171853045787b299fec6d0da15d7;10020864;One Store;G2;816-455-8733;Não informado
7368500b308c574f854304241401c2b5052769a467fedb6464efde70183fec9f;10024725;Stone Market;G2;816-455-8733;Não informado
58dd4691c8e6992b0669fb6272beeee121ddebbbbb054fb355f0fcd43305f310;10023241;Revnet Market;G2;816-455-8733;Não informado
6859e1041a34698e61824138f3b7870b95502abc7be04336fa30fc02442060ad;10022201;Quantum Shop;G1;816-455-8733;M1
8b07cc52d7eb8cf983c96613e4a1ded5a34062aa4d3d8de848c8c63c1a138a22;10025298;U. Supermarket;G3;816-455-8733;Não informado
46a202dfeacd58b4a8fdb2e0e05fd87d7848402bf63c5dfdf740a49c6a8ce9fd;10009679;Debenhams Supermarket;G2;816-455-8733;Não informado
515a66ab9f82be11a8b45c41d688a7a227833de9af38ac3fa1cd100bb074e35f;10011093;EMC Shop;G2;816-455-8733;M1
04e9fbe450605f579d48c5ef03ab755fb58ad03a6c558b947f46e7dc17558f16;10000453;A Supermarket;G1;816-455-8733;Não informado
77aa68162db6e748bea38ff58bf89be6f12996f5272cb9116b8542a93d904814;10011981;FIBERWORKS Shop;G2;816-455-8733;Não informado
4d114250876e0805c876d6e6729d4bfc06755b5a7479067e511be3b91469a452;10024541;Southern Supermarket;G2;816-455-8733;Não informado
59d5641a97564cbe9cf7eda993b55ce53b5235c5f1b43d63b1dba47c82566e2f;10015783;Hershey Supermarket;G2;816-455-8733;Não informado
e2a1ae76a3e2698f1942a8f8cc5f16458103d3cd5aaebc6d2713ad0bc52172cb;10021297;PageSites Shop;G2;816-455-8733;Não informado
04134871c74506ba986232fc4f7f64c54ff839d2d9cca07795918052462a87f0;10020515;NBX Stores;G2;816-455-8733;Não informado
b701a802d47c8f172f36215e17498d942b5e44615e44a77ab306dfa144a680d5;10004256;Benedict Shop;G2;816-455-8733;Não informado
45ad6ed0ec784658233d6afe28cff38e77fba30f12f5b8e36ba84384dcc5fd31;10021184;Pacific Supermarket;G2;816-455-8733;Não informado
0e148dc80f1bb75e2b651e5b099b92c2f01f47c7abbc2af0e02156ef451ed64f;10007564;CAM Market;G2;816-455-8733;Não informado
cfe8daeb530ca1f43444b952bbeaa8b5db9d32aff20641aa16eeb69fc36c3146;10024003;Scientific Supermarket;G2;816-455-8733;Não informado
318b08f8134afe31a48abc070b1016f3c7cf70d12d2cdb87f9d5a1f7b4e333b0;10000455;Caribian Supermarket;G2;816-455-8733;Não informado
aea83662118732ea9e370b8069e49b30350e328a362d993a6376b555abe71192;10016784;IBEX Shop;G2;816-455-8733;Não informado
1d8c84d251cc549905944fbfd3e663c1191b93871e10ebac316ff6283d198cfc;10026336;WBM Store;G2;816-455-8733;Não informado
e580d9e1c040426b40b14e962a71803735dceb680cd484cc09fa458015445452;10011355;Enterprises Shop;G2;816-455-8733;Não informado
7cec861f37638e30d77f587b5481c02279c7acd7e5e190777651299f83e75599;10003749;Associates Shop;G1;816-455-8733;M1
655b798013150139b6befb07c0faeab77f198b585c13a2c6df86f40e7e08ba87;10019150;Kentucky Supermarket;G2;816-455-8733;Não informado
3a7ea9a19f08a3b9de0b4e10de6e6ae914373eff6e4ff7a3f957b52e33769558;10011870;Fenwick Supermarket;G2;816-455-8733;Não informado
8d56afed9f8ea6c8bb9223007147ed08d3690cc7d50e507882639befe5804e83;10002709;Active Store;G2;816-455-8733;Não informado
0cc92fb05f5363d61b602475f4533a6e6c5c1ce3e03bb29965c180b04bb9cccc;10009642;David Store;G2;816-455-8733;Não informado
0f2d2e6660e15b0251f8c3abab954dc4ff1e941e636f7118d3bfdca1cb75e44f;10008134;Canter Shop;G2;816-455-8733;M1
1e9a3e7f55e21afafb9174db13bfd65d8196132e99d3e3a868ad853ba6daa942;10002139;Accrue Shop;G2;816-455-8733;Não informado
f7cd857e7235906feb149195660de5b9f3a7237bca8571a38907acd1eee55a7c;10025025;Taligent Midstore;G2;816-455-8733;M1
45bfffb7ccf451b2768d5a230916e85e2ebd1d02566d2f95d0ce6e82b3720333;10025495;UniForum Shop;G2;816-455-8733;Não informado
a6a022a4c70fea7cc2efafa7e29f8caf40ce6a0a3fc50939057535a43859bae3;10025246;TECC Shop;G3;816-455-8733;Não informado
755eea532abdc1bb6a9a6c8afa38ec5172b7cf3b2637b83d6111f6be3352665b;10006805;Bitstream Shop;G1;816-455-8733;Não informado
507b1fd6d76180a963c79a28758855dfd057375f8c95b6d9db38b899ddfa5d5d;10024006;ScotGold Market;G2;816-455-8733;M1
de91441bfcc6af852cca24ffeab8467f9eda64fb4a2cd48d34247e1c1899d425;10020448;Nanao Shop;G3;816-455-8733;Não informado
5eacbbedfce10a0eef00069c862ba0752ad1b81d710de80f0c0cc31ef7f0884e;10011997;Fibronics Shop;G2;816-455-8733;Não informado
febf3e5abef2c872e41536d79d830af0145c74782bd88d2c13f2e7aca3d52be9;10018868;Karickal Store;G1;816-455-8733;M1
fdffbb4c177e9ff0db6ba0517e01cce140ad190d7f26cd4c97ddc0514ae236b1;10022764;RealiDyne Shop;G2;816-455-8733;Não informado
1780d1d7a19fb39f24dfd988f97ceee275a54248927302324c3aaac0188a7795;10016542;Holy Supermarket;G2;816-455-8733;Não informado
a82991f62992ed604792427cc41dd19e6c4fe37e04ce737d441b3aefcdb06355;10001786;Acara Shop;G2;816-455-8733;Não informado
842cdc03936efe4ba7b4f683ca47f1858dc0a4944a0ac0691a6b6511c4e50906;10025359;UKnames.net Shop;G2;816-455-8733;Não informado
e2b315b538af1ad2dc6141bdc2bcfd3ffc7546c8c0de0635bde4a45d7401f676;10015275;Helios Shop;G2;816-455-8733;Não informado
c600f7fcf36487c7d7418c00836262bc1d3652e455d96c53355cfda52c2116a7;10024880;Sun Supermarket;G3;816-455-8733;Não informado
685f507a01e4f2e1e5bad33fb59b6c3ec81685e9dfcd4b23175bdd6c4b168b98;10024999;TAGnology Shop;G2;816-455-8733;Não informado
43e718460d46d6965b173aeecf3c51111084b7fe1a59c40a51e858d9e046c484;10025086;Tartanchase Shop;G1;816-455-8733;Não informado
6fd6650fc8a3385ac1949b8efbb6f5e2c5e4771f027be31067291ba6b8249822;10025515;UniPress Shop;G2;816-455-8733;Não informado
851156896b3ceff5682946377d4dcb0862747177eeafc4ab2dcdbb7261b261af;10010855;ECI Supermarket;G2;816-455-8733;Não informado
e485a12aa57c010afb3e617d29dd74f904c6a1095930e4cc90cd8c36edfae040;10026062;Venable Shop;G2;816-455-8733;Não informado
ae7a13e87934c15ed74b4dd49b6c0272ef8de422dd85b14872d90347f2f80fd0;10016858;IBVA Shop;G2;816-455-8733;Não informado
f24c0ec6878f43ffa14b36a39103b43e3fdbab5a8ca848a99a998f56c1ed19b1;10023235;ReviewBooth Shop;G2;816-455-8733;Não informado
30b1deef5686f91c0e0478a7a93d96189a39d79918dc03017d0b2f041982f2db;10002161;ACME Maxiplace;G2;816-455-8733;Não informado
6bf202e67e13b6f20f3650b197ca8184e1054c6c3fe7565353dee2af16010b54;10021331;Palo Supermarket;G2;816-455-8733;Não informado
2c4e33b529a7d14ac4d282f517c84d589f6d1a437d1f0a9f870ea45440368f1d;10023221;Reveal Supermarket;G2;816-455-8733;M1
c48fbc3056c6093aa716079906ea822e6a01bad3c0a66d4592483947a256f369;10003882;Beech Supermarket;G2;816-455-8733;Não informado
e9310f3db9d468932ee1d98c9ee52a65a4a77a3d30adc2bde1453ba84ba727e9;10012369;Finest Supermarket;G2;816-455-8733;Não informado
4c9e12cde90f34c24705746c7e51e4ae9e3ead9a4ccd27f994d831d9dce9a1f5;10021986;Pinnacle Supermarket;G2;816-455-8733;Não informado
a4eb87b0d2b9edffbffb46e3ed5d31dbc3341e7fb15531833aa793fdde805b02;10000461;A1 Store;G3;816-455-8733;Não informado
2e5363585f57e608f10800e6936fa4e8c425a492e4c8065ab4f536b8c25900fb;10014495;Harvard Supermarket;G2;816-455-8733;Não informado
6f753fa2f49cbfe3e09eff279e15e3151a5e64c32856c853012ce57b716f3374;10025791;Valley Market;G2;816-455-8733;M1
e29eadf1515cf4f648563f3e11544d27ea7dc2ce821147a40509d492df5a56d3;10017314;Idyllwild Shop;G2;816-455-8733;Não informado
71c2e822b7f40852519faac4c38895d7bd814694109a127a26f5e7290d1fd67b;10025552;Unison Medistore;G2;816-455-8733;Não informado
daccd4ca31ab04f4d71b357f1c2f0d19b48dd13795635446cb71151f346882af;10024009;Scottish Supermarket;G2;816-455-8733;Não informado
c4f2b32ef03a94316fc7f710d042b89577a00fde3cf6a63886eb4817947010a1;10000496;AboveNet Shop;G2;816-455-8733;Não informado
fe12d42dee98f19d2bdfd54d974ccb7a4e6e09ddd7997c7a29866f55f029bfa2;10013079;Gandalf Supermarket;G2;816-455-8733;Não informado
715fed39fe99bcde26f36a85a1ba67b09ff417f172e3e837e2f95fe6aa705e0a;10023516;SAIC Supermarket;G2;816-455-8733;Não informado
ebe8f0d483a29cad0c09df62f6ab7477e9d91accbf66f76fa6dc3f6220f81377;10011398;Ethyl Store;G2;816-455-8733;Não informado
beaff96be6dc38cec0b3289cd0666a25f90a1c74b0d47caf249ced149dd36854;10010974;EDS Shop;G2;816-455-8733;Não informado
fe7228f732e7c2b1169060362bd5bc731c214c598d22c326a403552100a7f93b;10013871;Grove Supermarket;G2;816-455-8733;Não informado
d7a9193e8b506f3da1eb03bab8921cd2a8732a13f531f9f74c6dc7c1ebab8c26;10020927;Outbreak Shop;G2;816-455-8733;Não informado
ea5128a64fad7b2867c9f72a29f1d86da24a9c2e3a847b8e92bf0a0a194a8931;10026038;Velos Supermarket;G1;816-455-8733;M1
ed17c553f9e1da74b901ce2598fbdb06ff3a9ac2e1951a3d677583e60d7c4ee0;10008596;Capitolnet Supermarket;G2;816-455-8733;Não informado
4eddf09eab9b89a08a6025a52123eef88b95bb523eab6025ded730c33b1e20fc;10026291;Warsun Supermarket;G2;816-455-8733;Não informado
bf3a88aedff616991f418ab2b0b04f7c010a92b73b54b22a470495666d915a87;10010887;Edia Shop;G3;816-455-8733;Não informado
8d4accb5e6db29c2ac982a880743b5d94fe75e7ea607e1c55d568568561bcc70;10019105;Kensington Market;G2;816-455-8733;Não informado
f9b812120587f958848e8b0581a4258f8dcf278972e7e2980e7a2b2966b0cbca;10011979;FiberPlex Shop;G1;816-455-8733;M1
8002a11aa8a4339e95c97c8033e1bbcc0cce033c6f52a5e1fdfa43edd3269579;10008893;Caravelle Shop;G2;816-455-8733;Não informado
22df9d55a79bd4eabc3b374629cb9da8a94581c230858fb3a935b456df36a7ac;10025063;Taroch Mexistore;G1;816-455-8733;M1
498920b96fed7237d0e43e395bdea34fdd973946d8be4ad2bea4b2bb4a4db819;10022490;Racal-Datacom Shop;G2;816-455-8733;M1
1b94ad7ef8df8c059b2b31e20c55592b7bf2bbbe8e954cdabd192246638cfe25;10009676;Pereras;G2;816-455-8733;Não informado
05d0bf5b494c15101185c4a89d8fb9b4ebc1c580576cfe2220802276709d91c0;10019897;Livermore Store;G2;816-455-8733;Não informado
7f030092ddfc47d4826ded054b7ef63a69dfdf2a7f40bf6089eb24f9e1fed021;10020449;Nancy Supermarket;G1;816-455-8733;M1
089406313152efa81b15fe151722284a0b5f9dd94ee72fc02eeb9b4cd6e7a62a;10002244;ACS Market;G2;816-455-8733;Não informado
851a230f50a7dbb49bd0401446234a661ba94eb0742bd4ca63f1b4f8116f17a8;10021412;Panngea Shop;G2;816-455-8733;Não informado
31bd14b85f6b649c94b897349b95172082e0a9b7d849b2853c0d594477db338b;10022746;Rdlabs Shop;G1;816-455-8733;M1
b8fd70e665e6957905fc6d1e371c25b1c43b1abf4c3bddf2a7ebcee47c379e6d;10007120;Brinco Store;G2;816-455-8733;Não informado
b59c5db89b8e462a0819362de98b353003d2302c1b6bc8d5891e43f5ce55a2a4;10005376;Bibb Store;G2;816-455-8733;Não informado
dde61f5d2a7b315c77e608ab87533cad7581be24f1b3a2e889431c19b4c0f636;10020080;Lucky Shop;G2;816-455-8733;Não informado
fc0331f2054210765230d3ca4efa22afbb87ed4c0ad6c9a21f458ac54baa2fae;10023760;SataMine Shop;G2;816-455-8733;Não informado
c6a1434bd03b32f38ebb555cd1f2a9ef83224377ca16248347ea862847ccd9ad;10023538;Salamander Supermarket;G2;816-455-8733;Não informado
410ccc375393f72cce38c14b06af1cb1b0a60d3e14da0b737d04e8046010625f;10019682;Lamson Store;G2;816-455-8733;Não informado
8636160425847949ca15c7c44322c3c2070c56aa10e81f1827bb2cc74884a60c;10013061;Gammel Group;G3;816-455-8733;Não informado
92547b31b746cca5e6f9c34256a0741e749c2faa95db22c56312794ccce7e000;10000486;Aberdeen Shop;G2;816-455-8733;Não informado
d3f0c8dc95798c4701747a5880ba9fa0e958d551d421f77c22535f20d4fb4eba;10018363;Jones Stores;G1;816-455-8733;M1
2dc462c3072f1d40befd9392303646a1126e8ed900741f925cc2f5be531607d5;10015789;hesketh.com Shop;G1;816-455-8733;M1
69cb01b2e9f54523852e2c37bb213c05113259f40b88117edd63b6a84a5b6c89;10026009;Vectrix Shop;G1;816-455-8733;M1
619ce7dbe8ba42d253fe2a9ed0bd99324d349dbdc5715f17ae15068af5ea90c5;10024942;Tag Supermarket;G2;816-455-8733;Não informado
2aa0fba2bdf63711b512b16088ef13007a7748f84bcf7d1dd34c293b9e8e1906;10021494;Paraclipse Shop;G2;816-455-8733;Não informado
08296c9376c15abba63c7ca062d8f17dd6af06a7aa3ad01f437f390fd3796e78;10009985;E Supermarket;G2;816-455-8733;M1
a0af39ccb698375438205950b1a572bae9a9b51400c53d66920c1fed491fcca7;10026355;We Market;G2;816-455-8733;Não informado
7ee7bb770728946336d227dc51c7e01832c163f1199c82d0def6339c2a81f624;10017307;Idyll Store;G3;816-455-8733;Não informado
d5f8b993b95f3d83ed471f023b4fa3f628af5f99d24e26d00d6a5beedd66ba9e;10015495;Hennings;G2;816-455-8733;M1
a5edc8246f798305889638a73084bde8d8a16840331d9451fceb4d7c301790fb;10026606;Xilinix Midstore;G2;816-455-8733;Não informado
b40065095706f61577c577e719f976263538f6643f297e77a377fae52419c226;10018867;Kari Supermarket;G2;816-455-8733;Não informado
b6cdaa2f0e44f141232a853b982d0108c04501f5bb645b0f91af1bae9c480b2f;10002154;Acer Superstore;G3;816-455-8733;Não informado
f99b02982d8e1a1deb7be53873dadd0b674c4662a016f39dd5ce871dcea04653;10013052;GammaGraphX Store;G2;816-455-8733;Não informado
5ba1831d1ff2c784d5b9fc7937744fd1920a7591d8e0425261277c69d0ef9f35;10025737;Userland Maxistore;G2;816-455-8733;Não informado
af03941723e22e54bbcd1d459bb1c08ea5aa60053f0f6ffcbcc1d2d25ad70773;10021231;Packard Supermarket;G2;816-455-8733;Não informado
b87c43bd8ae3db34ac759936a27c2743485fa97542c81bca6f144ba033af754f;10012328;Finder Shop;G2;816-455-8733;Não informado
66b897952b749dd91569ad381b1c6effc9c02847b05c66112f9ac81a28004553;10026843;XVT Shop;G2;816-455-8733;Não informado
d361b683d05c80449de51c7230890c00d1c5319a0dbd93d51b74963ed07de034;10015267;Helfand Store;G1;816-455-8733;M1
3e21740d3f484e231c07fb80e3449b95f6ebdb288d442e4c1a6b42490fff27c8;10025021;Tailwind Shop;G2;816-455-8733;Não informado
4bc24d49ea17684f9967e91d99a9a63b661607c2c845d0c50649804c620189ea;10025034;Talou Shop;G2;816-455-8733;Não informado
61194623d9fbd6c82abea508cd442cc5d90d289da65fac0f68ad9024d6fda6b8;10010865;ECS Supermarket;G2;816-455-8733;Não informado
12d13b502a3d5af7746db3b1f48001b16fa46054cb6f8aabf5100ba267c7e9df;10000488;ABI Supermarket;G1;816-455-8733;M1
306d0f7f90ae6123e3ba71a7408cdbb82560dce25ce02a2b8ac38fc84fc2daa1;10020388;Metro-Goldwyn-Mayer, Supermarket;G2;816-455-8733;Não informado
f5687171f6337789706ead690976fefc491785dd3f8a51f9c716c256b3b3efce;10010882;EDA Supermarket;G2;816-455-8733;Não informado
c4b94cdca192e8ef33cba7d4a1b736ee5a091f4a8ae498dc22229e20ec9863c6;10014802;HBS Shop;G1;816-455-8733;M1
7b133cf6710f1f6b81da93b0d98c0376639e254b4615df18b1846b5047985239;10025267;Todd Supermarket;G3;816-455-8733;Não informado
7a72791f106a041465e4ea6119a687aa254b2a6a4649d94a1bb0f29f26490c3a;10026365;Whites;G2;816-455-8733;Não informado
f3c00ee5e30723a7116cebd219fd696b38f682e101926fda7901541f73882057;10013232;Garza Supermarket;G2;816-455-8733;Não informado
0c3fd7647c12e1cd7696efa7e579cf592954fddd23d17cd53fc94da934021393;10003795;Bechtel Supermarket;G2;816-455-8733;Não informado
e87442055dc2608232d2b200f89c4c6fbe4ff062c17a3ab321120b2b43f3b2d0;10025558;Unisys Shop;G2;816-455-8733;Não informado
a88470501d03d3f17c4fd56d0ff8bda457a69d3d012a3f76ccc25e55e5c121b9;10018129;J.M. Market;G1;816-455-8733;M1
a4a6b8ddbc22fedc8c0dafb1162d7e4e89d820aa90aa92723d44a0cfe9637354;10021158;Pacific Supermarket;G3;816-455-8733;Não informado
c913c3298760a1536267026cd1b5d4286b950285a737f7e1ed3513c1ad237ac6;10026868;Xyratex Shop;G1;816-455-8733;M1
52ee6d03ec836032c19babcd9c375630d1e3d08cb8264f0156cc13db53092e38;10020413;Molson Store;G2;816-455-8733;Não informado
996488b86ba001b4bc0e49c45987c3a6fbcaad0e0e8050e74fff23cf50c88f04;10012235;Fimetrics Supermarket;G3;816-455-8733;Não informado
ba57d01ad89ce691cca88fd7ed8511b0315e12b0ab8689d9e76756b45b0c2b5d;10021107;P.C.G. Supermarket;G2;816-455-8733;Não informado
a3678c8046ad886b9d1aad4a6d503755aac4022b7f9297ffe4da6647edd8565e;10022470;Racal Store;G2;816-455-8733;Não informado
1fb223f9b53329d12f6e0269c0910cba7893f8e66927da1a8428d9fdd8cd5d11;10021485;Paracel Gigaplace;G2;816-455-8733;Não informado
baee8654f1bf57bfbb66272fecc54cbc0addc0f60643a3bc1ed7d87dcc4db751;10017585;Ilog Shop;G2;816-455-8733;Não informado
0927753f3ff5323fc0b55d31b09f95e32331c3d86dfe2c067faa344a22429580;10014779;HBO Supermarket;G2;816-455-8733;Não informado
9e675a3fdf2b0561fa2549135592e1b62f930e512cff4d557e632546b0bef7f5;10000466;A2Z Store;G2;816-455-8733;Não informado
2990347fddcc8ebf2ef3cd2fb30dd605599bd968cc349f6fb2b869bc464b3e4b;10027340;Zentrum Market;G2;816-455-8733;Não informado
55f39ca5a40bb2b8778c399f6bf9ae2308e87bddc242ba444cc2da51ca2161ad;10009656;DCS Market;G2;816-455-8733;Não informado
962346ceaffbc7f1df0ba23f8f5b86c2ebd1b5c05c93165fa93b19ae80f474ff;10025038;Tanager Shop;G2;816-455-8733;Não informado
b305769f497782dd9707ede4441dc710401d115a8c7e76c1aea5c6392f9d03f6;10025814;Valpatken Shop;G2;816-455-8733;Não informado
9613e76c13c98e3396ff03488cdd7c5b0d88c0df7eb52872da96dfca23501890;10009647;Dayton Supermarket;G2;816-455-8733;Não informado
b1e1d109e87691ad4f7dcfc4a97e7dbd2f8bbed78ebd2dc85ea9faeeaf9737aa;10026521;Xcert Shop;G1;816-455-8733;M1
f1dc7841f5d570633308b39eead90e044a41182ddd399c42baffd79cf7ad7eaa;10011724;Federal Supermarket;G3;816-455-8733;Não informado
be3a6994f2e088752bfa50c033ea7a9698374aa9dfe550ee98e12ddc539a7e45;10021175;Pacific Supermarket;G2;816-455-8733;Não informado
6c180285084113fe667095dc342ee72596b01bbc4c5c31226ea7ec738ee5cede;10021283;PageBoy Shop;G2;816-455-8733;Não informado
66afc86ae8cb415da97265705cca09cab05212dd560c69fb27ef4f6e5061f15b;10006917;Borden Supermarket;G2;816-455-8733;Não informado
1e07605c4da137ba8b4bec2e33c3db7ccdea8b3dbaba9f0c0a06e7fbbd0e28bb;10018885;Kawneer Market;G2;816-455-8733;Não informado
dd762042e8aa5342845c2f37ea3243fa08823d688c75c31fb1ac4096e3e04a0e;10023513;Sagent Shop;G2;816-455-8733;Não informado
e8328389035e5deb80c493ff5ea65d4d3f1ba11bc6394d6c0bc7422bcf47cfa2;10025296;Trust Supermarket;G2;816-455-8733;Não informado
2a54521b4eac336e09e86061d0e5f18d05d4f07f5afc71402552e727ca0a8b0d;10009863;Deere Store;G1;816-455-8733;M1
adf18b23643e38b0381e0c521e9e3958e12235d396842246623312b7b593eb4e;10021415;Pantech Supermarket;G2;816-455-8733;Não informado
d55dbf0264556467cd147a7702ac779ed7d1680cffbdf60cbab01254cf4d542b;10025575;United Market;G3;816-455-8733;Não informado
c36c699624850d31682c60bbafe52d65bf23d738bed6491367961cfbe5940269;10021006;Overdreams Shop;G2;816-455-8733;Não informado
7fe9e21ef2e7b6d21251f6142d9a1941fe2e653e9aa9ca2092837f5c141e96b2;10009645;Day Market;G2;816-455-8733;Não informado
d8b70a4cfb0cb8641e9e57b6bdbbab95048ad35a7fdfe6e74d615dff07005864;10017828;Lee Megastore;G2;816-455-8733;Não informado
e41dd2146efce150c246fe0c1fcf7d57a6c5a615c3b1486bfaeb527353627cd5;10002765;Active Store;G2;816-455-8733;Não informado
cee2e837dc73c52e8208b8f4c7c8fe0ffb62ca0634465af6423b6adab9c3c228;10026560;Xentec Shop;G2;816-455-8733;Não informado
5f283d67562d4861cab12365bdfac13d0c0a6e6cdabb92d60a5df4d789c66f19;10021411;Panix Shop;G2;816-455-8733;Não informado
8e5234ea6db3b1c50c61910d80ad9e475bd126a035b98ec38d72ade0e6d757de;10013080;Ganymede Shop;G2;816-455-8733;Não informado
393a1ba5cccf6d28ced08f3dc3029a3703de7e0d588c892a1c708a6d1de0d286;10020445;N.Graphics Shop;G2;816-455-8733;Não informado
ae126978bf56e9b62888b6500ec55f1c70ef3a5dc2331edf691e284ad89a2785;10012158;Filene? Shop;G2;816-455-8733;Não informado
99b6a3d7bf935ba36728c647fd11c0a432dd63be39cb686c4d752a75c753a39d;10010884;EDC Supermarket;G3;816-455-8733;M1
685b3928c7081a70d91ee9a035c65caadac4f33543ec00006620689a4c80252d;10019194;Kerite Company;G2;816-455-8733;Não informado
923a30eda96498ba1389b033c7d2adaad402be2ddbbf1fa2363a30b3892eadce;10019617;Kool-Seal Shop;G2;816-455-8733;Não informado
126eb7cc34e83158928f16689bb4d2d7bcc0e06efbe68c97bebae19b615046f3;10020662;Nematron Shop;G1;816-455-8733;M1
5a7781ff11e972d2f82fae224765540218ebbfca21b782322478a25984607432;10020266;Maxwell Supermarket;G2;816-455-8733;Não informado
5258ded3f087f65b940f64db8e48be3188394bb7199e25afd776c5663987d6be;10027560;Zilog Shop;G2;816-455-8733;Não informado
8520c3de1188d30ffce6a75850226130fe04721886a12b11bfe512c034f045cd;10010969;Edorex Supermarket;G2;816-455-8733;Não informado
ae87d69d23a0ea123219585d3ce5c6086397120120bb4f1e69a011db61cbe24b;10025771;VA Supermarket;G2;816-455-8733;Não informado
d33522046f860b416150061266ef1512a5518ce6837bb1e968be72d922ddbbb0;10025061;Target Store;G2;816-455-8733;Não informado
94240a4926cbcbe9a458e97966a303c9c9ce4e7e05b47ce9c785b4e2e39ec0ae;10025062;TargetedListings Shop;G2;816-455-8733;Não informado
0358d10e0605d569b26916fb35664915b6e3ddb155ccb3b9380afb88dbf00f06;10017638;Kellys Gigastore;G2;816-455-8733;Não informado
99dbf76df15a255588f00c60e3f280d9be95c9f7b62acaa00dd9ed2e28a43eb2;10026299;Watcom Maxistore;G2;816-455-8733;Não informado
ebe84347ed3e2d8ac1079424887f90ecc200c092430d63c863cd27b174738f06;10011734;Felidae Enterprises;G2;816-455-8733;Não informado
424b383f7afbbc099d8c3385493d6a0f3cf029f822cc706a0a9a31052a00eafd;10023703;Sarcom Shop;G1;816-455-8733;M1
51eb1ec80629470006bf50d140cd361ef2da7d5e6625363cb7903aa895e48a8e;10020332;Medics Shop;G2;816-455-8733;Não informado
30743a4a347587eccb9c974fa7216d8bc7d04ffd228d184ce51fcb94ec725ada;10024499;Soloman Market;G2;816-455-8733;Não informado
850eaf35177699fdde89dc92a0a0fb5fffbb43ddf9a9dcabda5fa411ecdca3d6;10011546;Farrell Supermarket;G2;816-455-8733;Não informado
55aed9d26ec3987862bc7a9b616f22eb3f1aae16826fd4d889b7633d4ed03135;10009653;DCP Supermarket;G3;816-455-8733;Não informado
eec2201e9fd7bc4c5d6cccd737a32e5a0773a2c89c02e808d32961921d8da074;10011499;Farmland Supermarket;G2;816-455-8733;Não informado
1f22e048fe3f429d8c6c81815781c39bdc67fb62cd80e2e0106e300fe1fc720f;10025248;Telus Store;G2;816-455-8733;Não informado
d3e08fab2a5bcf3fcc91224e5ab5324f1acab9b20e3468a0898f457965c919fb;10024915;Systems Store;G1;816-455-8733;M1
4bf7a32b1f804eeca116826907e7b854be0d7f5b6f37405571291988052081c2;10019942;LMAO superplace;G2;816-455-8733;Não informado
4a42581a27ec6d738e8c0c66445c2dc6b524c18470a64ee564d38d78fdc8e9d3;10026839;Xtreme Shop;G2;816-455-8733;M1
296fcd9ffdaab527a36e3b0cb20efeed4add714aad1ca3568aac26463d396249;10011521;Farr Market;G2;816-455-8733;Não informado
fe4f89d24986eec519267f3e04bc3b9686b5440ac72378d72179fab3b559b918;10009657;DC-Works Shop;G2;816-455-8733;Não informado
5d572847e0192b8a697b527843833ef9330bea6916f11a2bed949c5d6c226412;10021240;PAGE Shop;G2;816-455-8733;Não informado
5e1748e717b84fdd5b8a5ad734a556ed4c500a00338f8a566d5c758fcd0964a5;10024255;Sigma Shop;G2;816-455-8733;Não informado
bdf8097bbaf3af104c1df79ac0c7e989972721bf2c433587cacf097b454ff92b;10024260;Sigma Supermarket;G2;816-455-8733;Não informado
6c5839b16418f6f75d0cc630500a3fee040fbdb6b03767e4b8e4dc71aacb5679;10014238;Harbor Store;G1;816-455-8733;M1
e6217946de583eb98396297993d80ed81469be588dc2ba78587fb873ceab6101;10008602;Caprica Supermarket;G2;816-455-8733;Não informado
9000d499ee5ac9adb2cfc5c8e07f486c224ae71e73c94a6940a677faaa06bb72;10025023;TAL Store;G3;816-455-8733;Não informado
96b1b47412162026157661aa9b1b3af320a5e361f3dec2a1afccd1c010da4caf;10007134;C&C Shop;G2;816-455-8733;M1
cac23094bbced7eee21a208517a3f8caffe393cdbde72b4cc93dd46860061c46;10013397;G-Com Supermarket;G2;816-455-8733;Não informado
6ea66e71f13437c9b9faa8dcea1f6ef240cf764622926408d44d7212e168137c;10009156;Carden Supermarket;G2;816-455-8733;Não informado
0e78cf633568cfc187ec75c688fa6cc6189848b269b70aebaba5eaac31de5dd0;10002746;Active Supermarket;G2;816-455-8733;Não informado
cc1b6d48f8c86d7f8e11cef46b0a11ed169cdd72ba3e4c9abfaad079680eb481;10020914;Onetouch Supermarket;G2;816-455-8733;Não informado
4839ceb2a7f3a7dd3279245d6e7f381f1a909e0c74810be915d74f56c633a4a6;10020281;Mb Market;G1;816-455-8733;M1
ab0bd9fb7e95eb74a8a4aaf60649f43d4a17fce97c976682c9f2ade80d020839;10013188;Gartner Supermarket;G2;816-455-8733;Não informado
a44dccb62bfecc7ce28e22f66294019b959f12d4f80a90e50fd19b35ec8b7992;10016549;Home Store;G2;816-455-8733;Não informado
7bdcf98f979b412d318d698e0ad5a5e5f7e084d066ac2ce9323ee7ea4a2db9a5;10006862;BL Supermarket;G2;816-455-8733;Não informado
d51ee21f1e74cc9f77909e525a96cc4ac2a800f1b47fda6ac22c377228456b3a;10019665;Labatt Supermarket;G2;816-455-8733;M1
a162506ae677f80d2944c729d167484edeefefb71dfa3ee9285b554b511e251e;10027348;Zephyr Shop;G2;816-455-8733;Não informado
a24692fa56dd8bb943026371c0db65ed1487e69d1a234f6ecac664af77bf47bc;10021380;Pangaea Store;G2;816-455-8733;Não informado
09ee49e0c3a06606caf811de1056b4953323f26dd1fff83b9306b237d911e452;10018628;K.C. Supermarket;G2;816-455-8733;Não informado
c3aaf9073b419772a5474a27e44b2ce0cfa1a60db1db20be61d17a10d650750e;10002969;activeDesign Shop;G2;816-455-8733;Não informado
31de722035cb33d246d7d3b9a74c1c70d6a3a9ab67d8f3fd1c8e5edc197d7ee2;10009643;David Store;G2;816-455-8733;Não informado
495457d95f787e68885d2a76ee82d0368562ebec1e2b8a9df9c6a4a62cc93a4c;10003554;Ad Supermarket;G1;816-455-8733;M1
06d101c7f271604cbc230fb15df5e8f6cd203c6debc309adc8e4df6a800a4a65;10027053;YourFuture Shop;G2;816-455-8733;Não informado
c0001d4c0f3a6d288a0ded67eba50a69dae3f37e91ca046ac03c8cf83f5bf5e2;10011345;Emergent Shop;G2;816-455-8733;Não informado
a11c32cda45d936cb14f38727d6b427f2f64cddd5a9abe8c2bd51dfd02f2183a;10011360;Equitable Store;G2;816-455-8733;Não informado
384639c808b70e4c1b6c6cfd2bf2c3da9f51acfc7b53d2c38cd24acae2f3870e;10020715;Old Store;G1;816-455-8733;Não informado
